Item ID,Size,Weight(kg),Predicted Demand,Zone,Slot ID
HOBBIES_2_093,XL,146.28,943.3,C,C-01-B
FOODS_3_569,XL,70.35,947.9,C,C-02-B
FOODS_1_178,M,15.14,948.6,A,A-01-M
FOODS_1_050,XL,125.8,948.7,C,C-03-B
FOODS_1_079,L,25.16,940.0,C,C-01-M
HOBBIES_2_071,L,56.09,949.5,C,C-04-B
HOUSEHOLD_1_249,XL,91.59,941.6,D,D-01-B
FOODS_3_787,M,5.26,939.8,A,A-01-T
HOBBIES_1_024,M,8.18,941.9,A,A-02-T
HOUSEHOLD_2_412,XL,91.0,948.0,D,D-02-B
FOODS_3_413,XL,81.28,949.3,D,D-03-B
HOBBIES_1_011,M,13.01,941.6,A,A-02-M
HOUSEHOLD_2_210,S,4.35,940.1,A,A-03-T
HOUSEHOLD_1_497,M,16.46,940.5,A,A-03-M
FOODS_3_156,L,26.28,942.8,C,C-02-M
