id,avg_daily_demand,total_demand_28d,avg_lower,avg_upper,confidence,demand_std,safety_stock,reorder_point,restock_flag
FOODS_2_044_CA_1_validation,1.1722406,32.82274,0.0,2.6429875,0.9045188,1.3214937,1.691512,9.897197,1
FOODS_2_044_CA_2_validation,0.95007515,26.602104,0.0,2.8227427,0.89802486,1.4113714,1.8065553,8.457081,1
FOODS_2_044_CA_3_validation,0.93415225,26.156263,0.0,2.5089862,0.90935963,1.2544931,1.6057512,8.144817,1
FOODS_2_044_CA_4_validation,0.61458695,17.208435,0.0,1.9209397,0.9306036,0.96046984,1.2294014,5.5315104,1
FOODS_2_044_TX_1_validation,1.0797966,30.234303,0.0,6.1898003,0.7763857,3.0949001,3.961472,11.520048,1
FOODS_2_044_TX_2_validation,0.61739415,17.287037,0.0,2.1363113,0.9228231,1.0681556,1.3672392,5.688998,1
FOODS_2_044_TX_3_validation,1.4155461,39.63529,0.0,3.3012242,0.88073915,1.6506121,2.1127834,12.0216055,1
FOODS_2_044_WI_1_validation,2.4958692,69.88434,0.44542933,4.546309,0.85185057,2.0504398,2.624563,20.095648,1
FOODS_2_044_WI_2_validation,2.7170765,76.07814,0.0,6.574395,0.7624917,3.2871976,4.207613,23.227148,1
FOODS_2_044_WI_3_validation,1.0038916,28.108965,0.0,2.6227262,0.9052507,1.3113631,1.6785448,8.705786,1
FOODS_2_059_CA_1_validation,0.7717104,21.607891,0.0,2.455436,0.9112943,1.227718,1.571479,6.9734516,1
FOODS_2_059_CA_2_validation,1.731429,48.48001,0.030748669,3.4321094,0.87712157,1.7006804,2.1768708,14.296873,1
FOODS_2_059_CA_3_validation,5.248906,146.96938,2.6611798,7.8366323,0.8130303,2.587726,3.3122892,40.054634,1
FOODS_2_059_CA_4_validation,1.6057936,44.96222,0.21182716,2.9997602,0.89928246,1.3939664,1.784277,13.024832,1
FOODS_2_059_TX_1_validation,2.4857109,69.59991,0.73317915,4.2382426,0.87337524,1.7525318,2.2432406,19.643217,1
FOODS_2_059_TX_2_validation,2.4858706,69.60438,0.0,5.039153,0.81795436,2.5195765,3.2250578,20.626152,1
FOODS_2_059_TX_3_validation,2.1349108,59.7775,0.18694372,4.52247,0.84337366,2.1677632,2.774737,17.719112,1
FOODS_2_059_WI_1_validation,2.0941033,58.634895,0.4981628,3.690044,0.8846893,1.5959406,2.042804,16.701529,1
FOODS_2_059_WI_2_validation,4.244903,118.857285,0.9037089,7.5860972,0.75859034,3.3411942,4.2767286,33.99105,1
FOODS_2_059_WI_3_validation,1.9671646,55.08061,0.1837918,3.7505374,0.87114686,1.7833728,2.282717,16.05287,1
FOODS_2_102_CA_1_validation,1.0711002,29.990807,0.0,2.6434655,0.9045015,1.3217328,1.6918179,9.18952,1
FOODS_2_102_CA_2_validation,1.1217033,31.407692,0.1661884,2.077218,0.93096167,0.95551485,1.2230589,9.074982,1
FOODS_2_102_CA_3_validation,1.2419059,34.773365,0.0,2.8812692,0.89591056,1.4406346,1.8440123,10.5373535,1
FOODS_2_102_CA_4_validation,0.48523238,13.586507,0.0,1.2021616,0.9565703,0.6010808,0.7693834,4.16601,1
FOODS_2_102_TX_1_validation,0.48121485,13.474016,0.0,1.2406776,0.9551789,0.6203388,0.79403365,4.1625376,1
FOODS_2_102_TX_2_validation,0.25293705,7.0822372,0.0,1.1595982,0.95810807,0.5797991,0.74214286,2.5127022,1
FOODS_2_102_TX_3_validation,0.64395267,18.030674,0.0,1.3891418,0.94981545,0.6945709,0.8890507,5.396719,1
FOODS_2_102_WI_1_validation,0.18700442,5.2361236,0.0,0.74008024,0.9732637,0.37004012,0.47365135,1.7826822,1
FOODS_2_102_WI_2_validation,0.6120032,17.13609,0.0,1.7144861,0.938062,0.85724306,1.0972711,5.3812933,1
FOODS_2_102_WI_3_validation,0.30016178,8.40453,0.0,1.2159727,0.95607144,0.60798633,0.7782225,2.879355,1
FOODS_2_147_CA_1_validation,0.7907294,22.140423,0.0,2.045949,0.9260875,1.0229745,1.3094074,6.844513,1
FOODS_2_147_CA_2_validation,0.77838624,21.794815,0.0,1.7070618,0.93833023,0.8535309,1.0925195,6.5412235,1
FOODS_2_147_CA_3_validation,0.751694,21.047432,0.0,1.8336985,0.93375534,0.91684926,1.173567,6.435425,1
FOODS_2_147_CA_4_validation,0.77950823,21.826231,0.0,1.8514553,0.9331139,0.92572767,1.1849314,6.641489,1
FOODS_2_147_TX_1_validation,0.26843008,7.516042,0.0,0.8328422,0.9699125,0.4164211,0.533019,2.4120295,1
FOODS_2_147_TX_2_validation,0.27585202,7.723857,0.0,0.94754994,0.9657685,0.47377497,0.60643196,2.5373962,1
FOODS_2_147_TX_3_validation,0.33538786,9.39086,0.0,0.98600334,0.9643794,0.49300167,0.6310421,2.978757,1
FOODS_2_147_WI_1_validation,0.64567125,18.078794,0.0,1.9285126,0.93033,0.9642563,1.234248,5.753947,1
FOODS_2_147_WI_2_validation,1.2573221,35.205017,0.0,2.5813758,0.90674454,1.2906879,1.6520805,10.453335,1
FOODS_2_147_WI_3_validation,0.40189332,11.253013,0.0,0.99922067,0.9639019,0.49961033,0.6395012,3.4527545,1
FOODS_2_380_CA_1_validation,1.2198948,34.157055,0.0,5.587531,0.79814345,2.7937655,3.5760198,12.115284,1
FOODS_2_380_CA_2_validation,2.7050602,75.741684,0.0,6.5609756,0.7629765,3.2804878,4.199024,23.134445,1
FOODS_2_380_CA_3_validation,6.9811044,195.47092,0.4040801,13.558127,0.52479357,6.5770235,8.41859,57.28632,1
FOODS_2_380_CA_4_validation,1.758964,49.25099,0.0,4.410514,0.84066457,2.205257,2.8227289,15.135477,1
FOODS_2_380_TX_1_validation,2.2726326,63.633713,0.0,6.731576,0.7568134,3.365788,4.3082085,20.216637,1
FOODS_2_380_TX_2_validation,1.8950694,53.061943,0.0,6.6648793,0.75922287,3.3324397,4.2655225,17.531008,1
FOODS_2_380_TX_3_validation,3.250479,91.01341,0.0,7.510204,0.7286845,3.755102,4.8065305,27.559883,1
FOODS_2_380_WI_1_validation,4.3468766,121.71255,0.75234556,7.9414077,0.7402862,3.594531,4.601,35.029137,1
FOODS_2_380_WI_2_validation,9.073775,254.0657,2.8374617,15.310089,0.5494107,6.236314,7.9824815,71.49891,1
FOODS_2_380_WI_3_validation,4.8548627,135.93616,0.0,10.002374,0.6386517,5.001187,6.401519,40.38556,1
FOODS_3_017_CA_1_validation,0.117261395,3.283319,0.0,0.5176398,0.9812997,0.2588199,0.33128947,1.1521192,1
FOODS_3_017_CA_2_validation,0.2995266,8.3867445,0.0,0.80509007,0.97091514,0.40254503,0.51525766,2.6119437,1
FOODS_3_017_CA_3_validation,0.17755473,4.9715323,0.0,0.83069724,0.9699901,0.41534862,0.5316462,1.7745292,1
FOODS_3_017_CA_4_validation,0.07233942,2.0255039,0.0,0.22586165,0.9918405,0.11293083,0.14455146,0.6509274,1
FOODS_3_017_TX_1_validation,0.13279444,3.7182443,0.0,0.6283096,0.97730154,0.3141548,0.40211815,1.3316792,1
FOODS_3_017_TX_2_validation,0.18624015,5.214724,0.0,0.8103095,0.97072655,0.40515476,0.5185981,1.8222791,1
FOODS_3_017_TX_3_validation,0.0903476,2.529733,0.0,0.59349185,0.9785594,0.29674593,0.37983477,1.0122681,1
FOODS_3_017_WI_1_validation,0.20075013,5.6210036,0.0,0.5733208,0.97928804,0.2866604,0.3669253,1.7721763,1
FOODS_3_017_WI_2_validation,0.43338782,12.134859,0.0,1.2285345,0.9556176,0.61426723,0.78626204,3.8199768,1
FOODS_3_017_WI_3_validation,0.32800716,9.1842,0.0,1.0237734,0.9630149,0.5118867,0.65521497,2.951265,1
FOODS_3_093_CA_1_validation,1.3387338,37.484547,0.0,3.1804261,0.8851031,1.5902131,2.0354726,11.40661,1
FOODS_3_093_CA_2_validation,1.9068305,53.391254,0.0,3.9871461,0.85595936,1.9935731,2.5517735,15.899588,1
FOODS_3_093_CA_3_validation,2.6664531,74.66069,0.0,8.203875,0.7036247,4.1019373,5.2504797,23.915653,1
FOODS_3_093_CA_4_validation,0.664248,18.598944,0.0,1.6689556,0.93970686,0.8344778,1.0681316,5.7178674,1
FOODS_3_093_TX_1_validation,3.3574185,94.00772,0.0,11.671806,0.57834136,5.835903,7.469956,30.971886,1
FOODS_3_093_TX_2_validation,4.7426596,132.79446,0.0,10.148845,0.63336027,5.0744224,6.4952602,39.69388,1
FOODS_3_093_TX_3_validation,3.3808892,94.664894,0.0,8.160301,0.7051989,4.0801506,5.222593,28.888817,1
FOODS_3_093_WI_1_validation,1.5318158,42.890842,0.27183604,2.7917955,0.9089633,1.2599797,1.612774,12.3354845,1
FOODS_3_093_WI_2_validation,9.201791,257.65015,4.837153,13.566429,0.6846439,4.3646383,5.586737,69.999275,1
FOODS_3_093_WI_3_validation,1.5410334,43.148933,0.0,7.202569,0.7397982,3.6012845,4.609644,15.396877,1
FOODS_3_131_CA_1_validation,2.4926045,69.79292,0.0,5.972407,0.78423935,2.9862034,3.8223403,21.27057,1
FOODS_3_131_CA_2_validation,1.727079,48.35821,0.0,4.7496295,0.82841367,2.3748147,3.0397627,15.129315,1
FOODS_3_131_CA_3_validation,4.175385,116.91078,0.35985652,8.209395,0.71642554,3.9247694,5.0237045,34.2514,1
FOODS_3_131_CA_4_validation,1.0925572,30.591602,0.0,3.5300412,0.8724728,1.7650206,2.2592263,9.907127,1
FOODS_3_131_TX_1_validation,1.595843,44.6836,0.02603643,3.5753293,0.87177736,1.7746464,2.2715473,13.442448,1
FOODS_3_131_TX_2_validation,1.8909165,52.94566,0.0122676175,4.7095833,0.8303036,2.3486578,3.006282,16.242697,1
FOODS_3_131_TX_3_validation,2.084718,58.372105,0.0,4.6948686,0.830392,2.3474343,3.004716,17.597742,1
FOODS_3_131_WI_1_validation,4.244544,118.84724,0.28254437,8.63258,0.6983445,4.175018,5.3440228,35.055832,1
FOODS_3_131_WI_2_validation,2.310455,64.69274,0.0,5.6806245,0.7947803,2.8403122,3.6355996,19.808784,1
FOODS_3_131_WI_3_validation,2.5626938,71.755424,0.4181048,4.745401,0.84367096,2.1636481,2.7694695,20.708326,1
FOODS_3_142_CA_1_validation,3.0136712,84.38279,0.41219553,5.6151466,0.8120369,2.6014755,3.3298886,24.425587,1
FOODS_3_142_CA_2_validation,3.7957036,106.2797,0.0,10.147622,0.63340443,5.073811,6.494478,33.064404,1
FOODS_3_142_CA_3_validation,4.513215,126.37002,0.60632765,8.47298,0.7158073,3.933326,5.034657,36.627163,1
FOODS_3_142_CA_4_validation,0.72523534,20.30659,0.0,2.430099,0.91220963,1.2150495,1.5552633,6.6319103,1
FOODS_3_142_TX_1_validation,0.20842345,5.8358564,0.0,1.5459393,0.944151,0.77296966,0.98940116,2.4483652,1
FOODS_3_142_TX_2_validation,0.63233143,17.70528,0.0,2.334847,0.9156507,1.1674235,1.494302,5.920622,1
FOODS_3_142_TX_3_validation,0.33142108,9.27979,0.0,1.6716042,0.93961114,0.8358021,1.0698266,3.389774,1
FOODS_3_142_WI_1_validation,1.4097463,39.472897,0.0,3.1683133,0.88554066,1.5841566,2.0277205,11.895945,1
FOODS_3_142_WI_2_validation,1.3870999,38.838795,0.0,2.8385186,0.8974549,1.4192593,1.8166518,11.52635,1
FOODS_3_142_WI_3_validation,0.8110011,22.70803,0.0,2.508807,0.9093662,1.2544035,1.6056364,7.2826443,1
FOODS_3_150_CA_1_validation,5.6567864,158.39001,0.0,14.739068,0.4675327,7.369534,9.433003,49.030506,1
FOODS_3_150_CA_2_validation,5.492682,153.79509,0.0,15.304466,0.447107,7.652233,9.794858,48.24363,1
FOODS_3_150_CA_3_validation,8.300571,232.416,0.0,27.527157,0.0055469275,13.763578,17.61738,75.72138,1
FOODS_3_150_CA_4_validation,4.1360297,115.80883,0.87272346,7.3993354,0.764218,3.263306,4.1770315,33.12924,1
FOODS_3_150_TX_1_validation,10.37027,290.36755,0.67347276,20.067066,0.29938215,9.696796,12.4119,85.003784,1
FOODS_3_150_TX_2_validation,7.949296,222.58029,0.0,25.400818,0.082363605,12.700409,16.256523,71.901596,1
FOODS_3_150_TX_3_validation,11.2055025,313.75406,0.0,27.6807,0.0,13.84035,17.715649,96.15416,1
FOODS_3_150_WI_1_validation,6.5679297,183.90204,1.9673918,11.1684675,0.6675996,4.600538,5.888688,51.864197,1
FOODS_3_150_WI_2_validation,21.811186,610.7132,5.9663672,37.656006,0.0,15.844819,20.281368,172.95967,1
FOODS_3_150_WI_3_validation,10.459603,292.8689,0.0,30.07077,0.0,15.035385,19.245293,92.46252,1
FOODS_3_288_CA_1_validation,15.790366,442.13025,8.346374,23.23436,0.4621529,7.443993,9.528311,120.060875,1
FOODS_3_288_CA_2_validation,29.665564,830.6358,11.698295,47.632835,0.0,17.96727,22.998104,230.65706,1
FOODS_3_288_CA_3_validation,33.876247,948.535,18.099058,49.653442,0.0,15.777192,20.194805,257.32852,1
FOODS_3_288_CA_4_validation,8.972572,251.23203,1.868654,16.136126,0.4845697,7.1337357,9.131182,71.939186,1
FOODS_3_288_TX_1_validation,13.144227,368.03836,3.8306217,22.457834,0.3270686,9.313606,11.921415,103.93101,1
FOODS_3_288_TX_2_validation,8.186545,229.22327,1.8488425,14.545105,0.5413316,6.348131,8.1256075,65.43143,1
FOODS_3_288_TX_3_validation,5.830144,163.24403,2.0851982,9.575089,0.7294183,3.7449455,4.79353,45.604538,1
FOODS_3_288_WI_1_validation,8.216169,230.05273,3.022616,13.409722,0.6247527,5.193553,6.6477475,64.160934,1
FOODS_3_288_WI_2_validation,10.850978,303.8274,0.20652725,23.41792,0.1614594,11.605696,14.85529,90.81214,1
FOODS_3_288_WI_3_validation,6.4956274,181.87756,1.9577503,11.033504,0.67212707,4.5378766,5.8084817,51.277874,1
FOODS_3_293_CA_1_validation,0.20330368,5.692503,0.0,2.4422734,0.9117698,1.2211367,1.5630549,2.9861808,1
FOODS_3_293_CA_2_validation,0.24381949,6.826946,0.0,2.1418877,0.9226216,1.0709438,1.3708081,3.0775447,1
FOODS_3_293_CA_3_validation,0.46707013,13.077964,0.0,2.9868343,0.8920969,1.4934171,1.9115739,5.1810646,1
FOODS_3_293_CA_4_validation,0.15086235,4.224146,0.0,1.9612443,0.9291476,0.9806222,1.2551963,2.3112328,1
FOODS_3_293_TX_1_validation,0.092650734,2.5942206,0.0,1.1881796,0.95707554,0.5940898,0.7604349,1.4089901,1
FOODS_3_293_TX_2_validation,0.3459332,9.68613,0.0,1.8058968,0.93475974,0.9029484,1.1557739,3.5773063,1
FOODS_3_293_TX_3_validation,0.2391145,6.6952057,0.0,1.262883,0.95437676,0.6314415,0.80824506,2.4820466,1
FOODS_3_293_WI_1_validation,0.2861294,8.011622,0.0,1.2020613,0.956574,0.60103065,0.76931924,2.772225,1
FOODS_3_293_WI_2_validation,0.45928434,12.8599615,0.0,1.5772979,0.94301814,0.78864896,1.0094707,4.224461,1
FOODS_3_293_WI_3_validation,0.5237163,14.664056,0.0,2.2489944,0.91875225,1.1244972,1.4393563,5.1053705,1
FOODS_3_296_CA_1_validation,0.41027436,11.487682,0.0,1.1314727,0.95912415,0.56573635,0.7241425,3.5960631,1
FOODS_3_296_CA_2_validation,1.8571888,52.001286,0.0,4.3436947,0.8430786,2.1718473,2.7799644,15.780286,1
FOODS_3_296_CA_3_validation,1.0302411,28.846752,0.0,3.710976,0.86593634,1.855488,2.3750246,9.586713,1
FOODS_3_296_CA_4_validation,0.71431,20.000679,0.0,1.7303989,0.9374872,0.86519945,1.1074553,6.107625,1
FOODS_3_296_TX_1_validation,0.17933576,5.0214014,0.0,2.1479757,0.9224017,1.0739878,1.3747044,2.6300547,1
FOODS_3_296_TX_2_validation,1.1881014,33.266838,0.0,2.8725657,0.896225,1.4362829,1.8384421,10.155151,1
FOODS_3_296_TX_3_validation,0.72425276,20.279078,0.0,3.1720784,0.8854047,1.5860392,2.0301301,7.0998993,1
FOODS_3_296_WI_1_validation,1.5019966,42.055904,0.0,4.109937,0.8515234,2.0549686,2.6303596,13.144336,1
FOODS_3_296_WI_2_validation,1.7384908,48.677742,0.0,6.1953955,0.7761836,3.0976977,3.965053,16.13449,1
FOODS_3_296_WI_3_validation,0.9465924,26.504587,0.0,2.6771867,0.9032833,1.3385934,1.7133994,8.339546,1
FOODS_3_420_CA_1_validation,0.5274334,14.768135,0.0,1.6478182,0.9404705,0.8239091,1.0546036,4.7466373,1
FOODS_3_420_CA_2_validation,0.31814528,8.908068,0.0,1.8661585,0.9325827,0.93307924,1.1943414,3.4213583,1
FOODS_3_420_CA_3_validation,0.41247672,11.549348,0.0,1.6177825,0.94155556,0.80889124,1.0353807,3.9227176,1
FOODS_3_420_CA_4_validation,0.29978684,8.394032,0.0,1.1793252,0.9573954,0.5896626,0.75476813,2.853276,1
FOODS_3_420_TX_1_validation,0.19149122,5.361754,0.0,1.4191357,0.94873196,0.70956784,0.9082468,2.2486854,1
FOODS_3_420_TX_2_validation,0.5809544,16.266722,0.0,2.7338932,0.9012347,1.3669466,1.7496916,5.816372,1
FOODS_3_420_TX_3_validation,0.31160384,8.724908,0.0,1.9113959,0.93094844,0.95569795,1.2232933,3.4045203,1
FOODS_3_420_WI_1_validation,0.35804707,10.025318,0.0,1.4051565,0.949237,0.70257825,0.89930016,3.4056296,1
FOODS_3_420_WI_2_validation,0.428255,11.991139,0.0,1.3464597,0.9513575,0.6732299,0.8617342,3.859519,1
FOODS_3_420_WI_3_validation,0.22678457,6.349968,0.0,1.5937262,0.94242465,0.7968631,1.0199847,2.6074767,1
FOODS_3_525_CA_1_validation,2.9766614,83.34652,0.05192527,6.772805,0.75719976,3.36044,4.301363,25.137993,1
FOODS_3_525_CA_2_validation,2.5082881,70.23207,0.0,5.2991714,0.8085608,2.6495857,3.3914697,20.949488,1
FOODS_3_525_CA_3_validation,2.286824,64.031075,0.0,6.1993513,0.7760407,3.0996757,3.9675848,19.975353,1
FOODS_3_525_CA_4_validation,1.1095868,31.068432,0.0,2.601804,0.9060065,1.300902,1.6651546,9.432262,1
FOODS_3_525_TX_1_validation,2.4277046,67.97573,0.5520252,4.303384,0.86447746,1.8756793,2.4008694,19.394802,1
FOODS_3_525_TX_2_validation,2.2077165,61.816063,0.35534614,4.0600867,0.86616164,1.8523703,2.371034,17.82505,1
FOODS_3_525_TX_3_validation,2.1324947,59.70985,0.33880165,3.9261878,0.8704011,1.7936931,2.295927,17.223389,1
FOODS_3_525_WI_1_validation,1.3402004,37.52561,0.0,3.622102,0.869147,1.811051,2.3181453,11.699549,1
FOODS_3_525_WI_2_validation,2.6004107,72.8115,0.0,9.617479,0.6525565,4.8087397,6.1551867,24.358063,1
FOODS_3_525_WI_3_validation,5.1353793,143.79062,2.576019,7.69474,0.8150798,2.5593605,3.2759814,39.223637,1
FOODS_3_764_CA_1_validation,6.7955413,190.27516,0.54020816,13.732939,0.5233961,6.5963655,8.443348,56.01214,1
FOODS_3_764_CA_2_validation,6.388114,178.86719,0.2374383,13.639702,0.5158264,6.701132,8.577449,53.294247,1
FOODS_3_764_CA_3_validation,13.112104,367.13892,3.5878315,22.636377,0.31184742,9.524273,12.191069,103.9758,1
FOODS_3_764_CA_4_validation,2.0371563,57.04038,0.004480676,4.7623377,0.8281165,2.3789284,3.0450282,17.305122,1
FOODS_3_764_TX_1_validation,5.8804407,164.65234,1.7434242,10.017457,0.7010902,4.1370163,5.2953806,46.458466,1
FOODS_3_764_TX_2_validation,6.058562,169.63972,1.4882759,10.628847,0.66978544,4.570286,5.8499656,48.259895,1
FOODS_3_764_TX_3_validation,2.2727842,63.63796,0.072166316,4.864325,0.82687724,2.3960793,3.0669816,18.97647,1
FOODS_3_764_WI_1_validation,6.0046587,168.13045,0.81946564,11.267909,0.62253684,5.2242217,6.6870036,48.719616,1
FOODS_3_764_WI_2_validation,2.536798,71.03034,0.20200542,5.0363913,0.8253518,2.417193,3.0940068,20.851593,1
FOODS_3_764_WI_3_validation,5.7861676,162.0127,1.2931545,10.339045,0.67320585,4.522945,5.7893696,46.29254,1
HOBBIES_1_085_CA_1_validation,1.4748821,41.2967,0.0,3.0588477,0.8894953,1.5294238,1.9576625,12.281837,1
HOBBIES_1_085_CA_2_validation,0.40460056,11.328815,0.0,1.2127393,0.95618826,0.6063697,0.77615315,3.608357,1
HOBBIES_1_085_CA_3_validation,0.88971,24.91188,0.0,1.9646534,0.9290244,0.9823267,1.2573781,7.485348,1
HOBBIES_1_085_CA_4_validation,0.7347275,20.57237,0.0,1.8527652,0.93306655,0.9263826,1.1857697,6.328862,1
HOBBIES_1_085_TX_1_validation,0.5437182,15.22411,0.0,1.6427368,0.9406541,0.8213684,1.0513515,4.857379,1
HOBBIES_1_085_TX_2_validation,0.26175365,7.329102,0.0,0.9063549,0.96725684,0.45317745,0.5800671,2.4123425,1
HOBBIES_1_085_TX_3_validation,0.31825563,8.911158,0.0,1.1069232,0.960011,0.5534616,0.7084308,2.9362202,1
HOBBIES_1_085_WI_1_validation,0.4381973,12.269525,0.0,1.3092268,0.9527025,0.6546134,0.8379051,3.9052863,1
HOBBIES_1_085_WI_2_validation,0.36465594,10.210366,0.0,0.87633735,0.96834123,0.43816867,0.56085587,3.1134474,1
HOBBIES_1_085_WI_3_validation,0.2144437,6.0044236,0.0,0.90695083,0.96723527,0.45347542,0.5804485,2.0815544,1
HOBBIES_1_153_CA_1_validation,1.2323853,34.506786,0.0,3.0959296,0.88815564,1.5479648,1.9813949,10.608091,1
HOBBIES_1_153_CA_2_validation,1.3048598,36.53607,0.0,3.2783115,0.8815669,1.6391557,2.0981193,11.232138,1
HOBBIES_1_153_CA_3_validation,1.0839431,30.350407,0.0,3.2059293,0.8841818,1.6029646,2.0517948,9.639397,1
HOBBIES_1_153_CA_4_validation,1.110026,31.080729,0.0,2.5267043,0.90871966,1.2633522,1.6170907,9.387273,1
HOBBIES_1_153_TX_1_validation,1.4259657,39.92704,0.0,3.375897,0.87804157,1.6879485,2.160574,12.142334,1
HOBBIES_1_153_TX_2_validation,1.400107,39.202995,0.0,4.437603,0.83968604,2.2188015,2.840066,12.640815,1
HOBBIES_1_153_TX_3_validation,0.38147292,10.681242,0.0,1.8645971,0.9326391,0.93229854,1.1933421,3.8636527,1
HOBBIES_1_153_WI_1_validation,2.8283734,79.19446,0.19077732,5.9301305,0.7926587,2.8696766,3.673186,23.4718,1
HOBBIES_1_153_WI_2_validation,1.1627836,32.55794,0.0,3.0328152,0.89043576,1.5164076,1.9410017,10.080487,1
HOBBIES_1_153_WI_3_validation,1.1258748,31.524494,0.0,3.7766874,0.86356246,1.8883437,2.41708,10.298203,1
HOBBIES_1_158_CA_1_validation,3.3831007,94.72682,0.22973375,6.5364676,0.77216136,3.1533668,4.0363092,27.718014,1
HOBBIES_1_158_CA_2_validation,1.6079718,45.02321,0.21165664,3.004287,0.8991127,1.3963152,1.7872834,13.043085,1
HOBBIES_1_158_CA_3_validation,3.3258305,93.12325,0.42878088,6.22288,0.7906809,2.8970494,3.708223,26.989037,1
HOBBIES_1_158_CA_4_validation,0.8347193,23.37214,0.0,2.1554003,0.92213345,1.0777001,1.3794562,7.2224913,1
HOBBIES_1_158_TX_1_validation,4.856445,135.98045,0.8892983,8.823591,0.71336365,3.9671464,5.077947,39.07306,1
HOBBIES_1_158_TX_2_validation,6.342932,177.6021,1.8285915,10.857274,0.6738275,4.5143414,5.778357,50.178883,1
HOBBIES_1_158_TX_3_validation,18.672258,522.82324,8.601829,28.742687,0.27238625,10.070429,12.890148,143.59596,1
HOBBIES_1_158_WI_1_validation,2.237537,62.65103,0.122807585,4.3522663,0.8472055,2.1147294,2.7068536,18.369612,1
HOBBIES_1_158_WI_2_validation,4.2674236,119.48786,1.3353769,7.1994705,0.7881523,2.932047,3.75302,33.624985,1
HOBBIES_1_158_WI_3_validation,1.9498891,54.596893,0.0,4.0056868,0.8552896,2.0028434,2.5636394,16.212862,1
HOBBIES_1_202_CA_1_validation,0.6279513,17.582638,0.0,3.4222896,0.8763655,1.7111448,2.1902654,6.585925,1
HOBBIES_1_202_CA_2_validation,0.5117364,14.328619,0.0,3.9304614,0.85800713,1.9652307,2.5154953,6.09765,1
HOBBIES_1_202_CA_3_validation,0.5184096,14.515469,0.0,3.2451131,0.88276625,1.6225566,2.0768723,5.7057395,1
HOBBIES_1_202_CA_4_validation,0.45078227,12.621903,0.0,4.3582416,0.8425531,2.1791208,2.7892745,5.9447503,1
HOBBIES_1_202_TX_1_validation,0.4550914,12.7425585,0.0,3.4757092,0.8744357,1.7378546,2.224454,5.4100933,1
HOBBIES_1_202_TX_2_validation,0.28030857,7.84864,0.0,3.3499234,0.8789798,1.6749617,2.143951,4.106111,1
HOBBIES_1_202_TX_3_validation,0.32009286,8.9626,0.0,2.0000973,0.927744,1.0000486,1.2800622,3.5207121,1
HOBBIES_1_202_WI_1_validation,0.7374111,20.64751,0.0,3.779303,0.8634679,1.8896515,2.4187539,7.5806313,1
HOBBIES_1_202_WI_2_validation,0.23650686,6.6221924,0.0,2.8285825,0.8978139,1.4142913,1.8102927,3.4658408,1
HOBBIES_1_202_WI_3_validation,0.2521488,7.0601664,0.0,2.756222,0.9004281,1.378111,1.763982,3.5290236,1
HOBBIES_1_230_CA_1_validation,0.13787805,3.8605852,0.0,0.5477048,0.98021346,0.2738524,0.35053107,1.3156774,1
HOBBIES_1_230_CA_2_validation,0.11883842,3.3274758,0.0,0.55593836,0.97991604,0.27796918,0.35580054,1.1876695,1
HOBBIES_1_230_CA_3_validation,0.13143623,3.6802144,0.0,0.5999797,0.978325,0.29998985,0.383987,1.3040407,1
HOBBIES_1_230_CA_4_validation,0.0893872,2.5028417,0.0,0.6408281,0.97684926,0.32041404,0.41012996,1.0358404,1
HOBBIES_1_230_TX_1_validation,0.07501458,2.100408,0.0,0.5440468,0.9803456,0.2720234,0.34818995,0.87329197,1
HOBBIES_1_230_TX_2_validation,0.15357184,4.3000116,0.0,0.7435176,0.97313946,0.3717588,0.47585124,1.5508542,1
HOBBIES_1_230_TX_3_validation,0.20664449,5.7860456,0.0,0.7802043,0.97181416,0.39010215,0.49933073,1.9458421,1
HOBBIES_1_230_WI_1_validation,0.07731291,2.1647615,0.0,0.36728033,0.9867315,0.18364017,0.23505941,0.77624977,1
HOBBIES_1_230_WI_2_validation,0.16346149,4.576922,0.0,0.5032138,0.98182076,0.2516069,0.32205683,1.4662874,1
HOBBIES_1_230_WI_3_validation,0.059667844,1.6706996,0.0,0.39731336,0.98564655,0.19865668,0.25428054,0.67195547,1
HOBBIES_1_242_CA_1_validation,1.1565619,32.38373,0.0,3.688112,0.86676234,1.844056,2.3603916,10.456325,1
HOBBIES_1_242_CA_2_validation,0.86296827,24.16311,0.0,3.522658,0.8727395,1.761329,2.254501,8.295279,1
HOBBIES_1_242_CA_3_validation,1.6205071,45.3742,0.0018654673,3.9117007,0.8587523,1.9549177,2.5022945,13.845844,1
HOBBIES_1_242_CA_4_validation,0.84342927,23.61602,0.0,2.5310557,0.90856236,1.2655278,1.6198756,7.5238805,1
HOBBIES_1_242_TX_1_validation,0.8628325,24.15931,0.0,2.4461243,0.9116307,1.2230622,1.5655196,7.6053467,1
HOBBIES_1_242_TX_2_validation,0.75683266,21.191315,0.0,2.4011562,0.9132552,1.2005781,1.53674,6.8345685,1
HOBBIES_1_242_TX_3_validation,0.49018297,13.725123,0.0,1.4749721,0.94671476,0.73748606,0.9439821,4.375263,1
HOBBIES_1_242_WI_1_validation,1.1482264,32.150337,0.0,3.2615955,0.8821708,1.6307977,2.0874212,10.125006,1
HOBBIES_1_242_WI_2_validation,0.19479182,5.454171,0.0,0.87658304,0.96833235,0.43829152,0.56101316,1.924556,1
HOBBIES_1_242_WI_3_validation,0.507734,14.216552,0.0,1.878044,0.9321533,0.939022,1.2019482,4.7560863,1
HOBBIES_1_255_CA_1_validation,0.48314363,13.528022,0.0,2.738908,0.90105355,1.369454,1.7529011,5.134907,1
HOBBIES_1_255_CA_2_validation,0.7174229,20.087841,0.0,3.169708,0.8854903,1.584854,2.028613,7.0505733,1
HOBBIES_1_255_CA_3_validation,0.5770367,16.157026,0.0,3.0472667,0.8899137,1.5236334,1.9502506,5.989507,1
HOBBIES_1_255_CA_4_validation,1.0123138,28.344788,0.0,4.1632385,0.8495978,2.0816193,2.6644726,9.7506695,1
HOBBIES_1_255_TX_1_validation,0.37239888,10.427169,0.0,1.9555906,0.9293518,0.9777953,1.251578,3.8583703,1
HOBBIES_1_255_TX_2_validation,0.6023318,16.865292,0.0,3.0467613,0.889932,1.5233806,1.9499272,6.16625,1
HOBBIES_1_255_TX_3_validation,0.2794126,7.8235526,0.0,3.060232,0.8894453,1.530116,1.9585484,3.9144366,1
HOBBIES_1_255_WI_1_validation,0.6844131,19.163567,0.0,2.8901627,0.89558923,1.4450814,1.8497041,6.640596,1
HOBBIES_1_255_WI_2_validation,0.13399857,3.75196,0.0,2.4279473,0.91228735,1.2139736,1.5538862,2.4918761,1
HOBBIES_1_255_WI_3_validation,1.0020183,28.056513,0.0,3.4288862,0.8761272,1.7144431,2.194487,9.208615,1
HOBBIES_1_263_CA_1_validation,0.16336443,4.574204,0.0,0.9567994,0.96543443,0.4783997,0.6123516,1.7559025,1
HOBBIES_1_263_CA_2_validation,0.12522276,3.5062373,0.0,0.7244302,0.973829,0.3622151,0.46363533,1.3401947,1
HOBBIES_1_263_CA_3_validation,0.19414859,5.4361606,0.0,0.6013908,0.978274,0.3006954,0.38489008,1.7439302,1
HOBBIES_1_263_CA_4_validation,0.18084121,5.063554,0.0,0.84043086,0.9696384,0.42021543,0.5378757,1.8037641,1
HOBBIES_1_263_TX_1_validation,0.11499823,3.2199504,0.0,0.45742297,0.983475,0.22871149,0.2927507,1.0977383,1
HOBBIES_1_263_TX_2_validation,0.19006936,5.3219423,0.0,0.6942813,0.97491825,0.34714064,0.44434002,1.7748256,1
HOBBIES_1_263_TX_3_validation,0.27067915,7.579016,0.0,0.7445558,0.973102,0.3722779,0.47651568,2.3712697,1
HOBBIES_1_263_WI_1_validation,0.22055295,6.1754827,0.0,0.9396512,0.9660539,0.4698256,0.6013768,2.1452475,1
HOBBIES_1_263_WI_2_validation,0.10526681,2.9474707,0.0,0.621858,0.9775346,0.310929,0.39798912,1.1348568,1
HOBBIES_1_263_WI_3_validation,0.088269494,2.471546,0.0,0.44792762,0.98381805,0.22396381,0.28667367,0.90456015,1
HOBBIES_1_327_CA_1_validation,0.60928,17.05984,0.0,1.805514,0.93477356,0.902757,1.1555289,5.420489,1
HOBBIES_1_327_CA_2_validation,0.47159448,13.204645,0.0,1.1409858,0.95878047,0.5704929,0.7302309,4.031392,1
HOBBIES_1_327_CA_3_validation,0.74274486,20.796856,0.0,1.581746,0.94285744,0.790873,1.0123174,6.2115316,1
HOBBIES_1_327_CA_4_validation,0.42670003,11.9476,0.0,1.363171,0.95075375,0.6815855,0.87242943,3.8593295,1
HOBBIES_1_327_TX_1_validation,0.40752074,11.410581,0.0,0.9731597,0.9648434,0.48657984,0.62282217,3.4754672,1
HOBBIES_1_327_TX_2_validation,0.488472,13.677217,0.0,1.3612448,0.9508233,0.6806224,0.8711966,4.2905006,1
HOBBIES_1_327_TX_3_validation,0.72589225,20.324984,0.07821177,1.3735727,0.9532035,0.64768046,0.829031,5.910277,1
HOBBIES_1_327_WI_1_validation,1.4414457,40.36048,0.06903481,3.25337,0.8849619,1.5921676,2.0379746,12.128095,1
HOBBIES_1_327_WI_2_validation,0.4440396,12.433109,0.0,1.4625359,0.94716406,0.7312679,0.93602294,4.0443,1
HOBBIES_1_327_WI_3_validation,0.67440176,18.88325,0.0,1.5161957,0.94522554,0.7580978,0.9703652,5.6911774,1
HOBBIES_1_399_CA_1_validation,0.5757337,16.120544,0.0,1.5537974,0.94386715,0.7768987,0.9944303,5.0245667,1
HOBBIES_1_399_CA_2_validation,0.2751881,7.7052665,0.0,1.1435407,0.95868814,0.57177037,0.73186606,2.6581826,1
HOBBIES_1_399_CA_3_validation,0.29953334,8.386933,0.0,1.121299,0.95949167,0.5606495,0.71763134,2.8143647,1
HOBBIES_1_399_CA_4_validation,0.2509568,7.0267906,0.0,1.0670956,0.9614499,0.5335478,0.6829412,2.4396389,1
HOBBIES_1_399_TX_1_validation,0.088986576,2.491624,0.0,0.6804849,0.97541666,0.34024245,0.4355103,1.0584164,1
HOBBIES_1_399_TX_2_validation,0.14660752,4.1050105,0.0,0.8292742,0.97004145,0.4146371,0.53073543,1.556988,1
HOBBIES_1_399_TX_3_validation,0.1136625,3.1825502,0.0,0.650963,0.97648317,0.3254815,0.41661632,1.2122538,1
HOBBIES_1_399_WI_1_validation,0.44159913,12.364776,0.0,1.8979628,0.93143374,0.9489814,1.2146962,4.30589,1
HOBBIES_1_399_WI_2_validation,0.25285488,7.079937,0.0,1.1720492,0.95765823,0.5860246,0.75011146,2.5200958,1
HOBBIES_1_399_WI_3_validation,0.31807807,8.906186,0.0,1.1601535,0.958088,0.58007675,0.7424982,2.9690447,1
HOBBIES_2_028_CA_1_validation,0.4151689,11.624729,0.0,2.3252933,0.9159959,1.1626467,1.4881877,4.39437,1
HOBBIES_2_028_CA_2_validation,0.28395405,7.9507136,0.0,1.7977668,0.9350534,0.8988834,1.1505708,3.1382492,1
HOBBIES_2_028_CA_3_validation,0.59893954,16.770308,0.0,2.800033,0.8988453,1.4000165,1.7920212,5.984598,1
HOBBIES_2_028_CA_4_validation,0.25140637,7.039378,0.0,1.6627928,0.93992954,0.8313964,1.0641874,2.8240318,1
HOBBIES_2_028_TX_1_validation,0.2850997,7.982791,0.0,1.6755987,0.9394669,0.8377994,1.0723832,3.068081,1
HOBBIES_2_028_TX_2_validation,0.7496811,20.991072,0.0,3.3217494,0.8799976,1.6608747,2.1259196,7.3736877,1
HOBBIES_2_028_TX_3_validation,0.59939706,16.783117,0.0,2.6096172,0.9057242,1.3048086,1.670155,5.8659344,1
HOBBIES_2_028_WI_1_validation,0.26659113,7.464552,0.0,1.7383978,0.9371982,0.8691989,1.1125746,2.9787126,1
HOBBIES_2_028_WI_2_validation,0.49872884,13.964408,0.0,2.8943634,0.89543754,1.4471817,1.8523926,5.3434944,1
HOBBIES_2_028_WI_3_validation,0.23351297,6.538363,0.0,1.6835537,0.93917954,0.84177685,1.0774744,2.7120652,1
HOBBIES_2_071_CA_1_validation,0.13217519,3.7009053,0.0,0.93270934,0.9663047,0.46635467,0.59693396,1.5221603,1
HOBBIES_2_071_CA_2_validation,0.24346769,6.8170953,0.0,1.1004109,0.96024626,0.55020547,0.704263,2.408537,1
HOBBIES_2_071_CA_3_validation,0.26661086,7.465104,0.0,1.4129342,0.948956,0.7064671,0.90427786,2.7705538,1
HOBBIES_2_071_CA_4_validation,0.08887172,2.488408,0.0,1.7320789,0.93742645,0.86603945,1.1085305,1.7306325,1
HOBBIES_2_071_TX_1_validation,0.38829932,10.872381,0.0,1.6152875,0.94164574,0.8076438,1.033784,3.7518792,1
HOBBIES_2_071_TX_2_validation,0.3786954,10.603471,0.0,1.5561098,0.9437836,0.7780549,0.9959102,3.6467779,1
HOBBIES_2_071_TX_3_validation,0.36643067,10.260058,0.0,1.533769,0.9445907,0.7668845,0.98161215,3.5466268,1
HOBBIES_2_071_WI_1_validation,0.18424709,5.1589184,0.0,0.98512596,0.9644111,0.49256298,0.6304806,1.9202101,1
HOBBIES_2_071_WI_2_validation,0.21754311,6.091207,0.0,1.4025002,0.9493329,0.7012501,0.89760005,2.4204018,1
HOBBIES_2_071_WI_3_validation,0.7941834,22.237135,0.0,2.28056,0.9176119,1.14028,1.4595584,7.018842,1
HOBBIES_2_081_CA_1_validation,0.116722755,3.268237,0.0,0.7987966,0.9711425,0.3993983,0.5112298,1.328289,1
HOBBIES_2_081_CA_2_validation,0.20968466,5.8711705,0.0,1.0783848,0.961042,0.5391924,0.69016623,2.157959,1
HOBBIES_2_081_CA_3_validation,0.15447913,4.3254156,0.0,1.1046075,0.96009475,0.55230373,0.70694876,1.7883027,1
HOBBIES_2_081_CA_4_validation,0.12581941,3.5229435,0.0,0.73165977,0.97356784,0.36582989,0.46826226,1.3489981,1
HOBBIES_2_081_TX_1_validation,0.15551989,4.354557,0.0,1.1775423,0.9574598,0.58877116,0.75362706,1.8422663,1
HOBBIES_2_081_TX_2_validation,0.53021944,14.846144,0.0,1.9440709,0.929768,0.97203547,1.2442054,4.9557414,1
HOBBIES_2_081_TX_3_validation,0.51932865,14.541203,0.0,1.4786621,0.9465815,0.73933107,0.9463437,4.5816445,1
HOBBIES_2_081_WI_1_validation,0.14248137,3.9894783,0.0,1.5970486,0.9423046,0.7985243,1.022111,2.0194807,1
HOBBIES_2_081_WI_2_validation,0.17288058,4.8406563,0.0,1.9965743,0.9278712,0.99828714,1.2778075,2.4879715,1
HOBBIES_2_081_WI_3_validation,0.18588917,5.204897,0.0,1.2354714,0.955367,0.6177357,0.7907017,2.0919259,1
HOBBIES_2_108_CA_1_validation,0.04961927,1.3893396,0.0,0.54794616,0.98020476,0.27397308,0.35068554,0.69802046,1
HOBBIES_2_108_CA_2_validation,0.18142757,5.079972,0.0,0.8084566,0.9707934,0.4042283,0.5174122,1.7874051,1
HOBBIES_2_108_CA_3_validation,0.1674427,4.6883955,0.0,0.7908693,0.9714289,0.39543465,0.5061563,1.6782552,1
HOBBIES_2_108_CA_4_validation,0.0793072,2.2206016,0.0,0.77904046,0.9718562,0.38952023,0.49858588,1.0537362,1
HOBBIES_2_108_TX_1_validation,0.10945542,3.0647519,0.0,0.7392349,0.9732942,0.36961746,0.47311035,1.2392983,1
HOBBIES_2_108_TX_2_validation,0.13093986,3.666316,0.0,0.86490995,0.9687541,0.43245497,0.5535424,1.4701214,1
HOBBIES_2_108_TX_3_validation,0.077619195,2.1733375,0.0,0.86656636,0.9686942,0.43328318,0.55460244,1.0979369,1
HOBBIES_2_108_WI_1_validation,0.12610064,3.530818,0.0,0.7322326,0.97354716,0.3661163,0.46862882,1.3513334,1
HOBBIES_2_108_WI_2_validation,0.0822804,2.3038511,0.0,0.50560063,0.9817346,0.25280032,0.3235844,0.8995472,1
HOBBIES_2_108_WI_3_validation,0.0,0.0,0.0,0.0,1.0,0.0,0.0,0.0,0
HOBBIES_2_109_CA_1_validation,0.39299554,11.003875,0.0,1.0191942,0.96318024,0.5095971,0.6522843,3.403253,1
HOBBIES_2_109_CA_2_validation,0.36039123,10.090955,0.0,1.1389678,0.95885336,0.5694839,0.72893935,3.251678,1
HOBBIES_2_109_CA_3_validation,0.3973709,11.126386,0.0,1.5206579,0.94506425,0.76032895,0.973221,3.7548175,1
HOBBIES_2_109_CA_4_validation,0.21983312,6.1553273,0.0,1.0192051,0.96317995,0.50960255,0.65229124,2.191123,1
HOBBIES_2_109_TX_1_validation,0.16074361,4.500821,0.0,0.90617865,0.96726316,0.45308933,0.5799543,1.7051597,1
HOBBIES_2_109_TX_2_validation,0.5399423,15.118385,0.0,1.4432856,0.94785947,0.7216428,0.9237028,4.703299,1
HOBBIES_2_109_TX_3_validation,0.40389457,11.309048,0.0,1.2353784,0.9553704,0.6176892,0.79064214,3.6179042,1
HOBBIES_2_109_WI_1_validation,0.29492936,8.258022,0.0,1.0467725,0.962184,0.52338624,0.6699344,2.7344398,1
HOBBIES_2_109_WI_2_validation,0.11180774,3.1306167,0.0,0.7320179,0.9735549,0.36600894,0.46849144,1.2511456,1
HOBBIES_2_109_WI_3_validation,0.5531752,15.488906,0.0,1.2705344,0.9541003,0.6352672,0.813142,4.6853685,1
HOBBIES_2_123_CA_1_validation,0.123173155,3.4488482,0.0,0.69942665,0.97473234,0.34971333,0.44763306,1.3098451,1
HOBBIES_2_123_CA_2_validation,0.19565763,5.4784136,0.0,0.8127943,0.9706368,0.40639716,0.52018833,1.8897917,1
HOBBIES_2_123_CA_3_validation,0.43198296,12.095523,0.0,1.3537443,0.95109427,0.67687213,0.8663963,3.890277,1
HOBBIES_2_123_CA_4_validation,0.079423,2.223844,0.0,1.2122105,0.9562074,0.60610527,0.7758147,1.3317757,1
HOBBIES_2_123_TX_1_validation,0.1656745,4.638886,0.0,0.85368973,0.9691594,0.42684487,0.5463614,1.7060828,1
HOBBIES_2_123_TX_2_validation,0.15936697,4.462275,0.0,1.2247256,0.95575523,0.6123628,0.7838244,1.8993931,1
HOBBIES_2_123_TX_3_validation,0.53961486,15.109216,0.0,1.8701661,0.9324379,0.93508303,1.1969062,4.9742103,1
HOBBIES_2_123_WI_1_validation,0.12908795,3.6144629,0.0,0.97253036,0.9648661,0.48626518,0.6224194,1.5260351,1
HOBBIES_2_123_WI_2_validation,0.15538895,4.3508906,0.0,0.8856738,0.9680039,0.4428369,0.56683123,1.6545539,1
HOBBIES_2_123_WI_3_validation,0.17450854,4.886239,0.0,0.58523834,0.9788575,0.29261917,0.37455252,1.5961123,1
HOUSEHOLD_1_033_CA_1_validation,1.1602266,32.486343,0.0,3.0188985,0.89093846,1.5094492,1.9320949,10.05368,1
HOUSEHOLD_1_033_CA_2_validation,1.765217,49.426075,0.0,4.128146,0.85086554,2.064073,2.6420135,14.998532,1
HOUSEHOLD_1_033_CA_3_validation,1.8313369,51.27743,0.0,4.214205,0.84775656,2.1071024,2.697091,15.516449,1
HOUSEHOLD_1_033_CA_4_validation,0.45767474,12.814893,0.0,1.1856323,0.95716757,0.5928162,0.7588047,3.9625278,1
HOUSEHOLD_1_033_TX_1_validation,0.65185994,18.252079,0.0,1.8214233,0.9341988,0.91071165,1.1657109,5.7287307,1
HOUSEHOLD_1_033_TX_2_validation,1.1044222,30.923822,0.0,3.6035519,0.86981714,1.8017759,2.3062732,10.037229,1
HOUSEHOLD_1_033_TX_3_validation,0.9141522,25.596262,0.0,2.6657605,0.90369606,1.3328803,1.7060866,8.105152,1
HOUSEHOLD_1_033_WI_1_validation,0.93463427,26.16976,0.0,2.3942661,0.9135041,1.1971331,1.5323303,8.07477,1
HOUSEHOLD_1_033_WI_2_validation,0.8940999,25.034798,0.0,2.6664386,0.90367156,1.3332193,1.7065207,7.96522,1
HOUSEHOLD_1_033_WI_3_validation,0.7013785,19.6386,0.0,2.180086,0.92124164,1.090043,1.395255,6.304905,1
HOUSEHOLD_1_112_CA_1_validation,1.6654259,46.631924,0.0,3.8429773,0.8611676,1.9214886,2.4595053,14.117486,1
HOUSEHOLD_1_112_CA_2_validation,2.1234243,59.45588,0.07705079,4.7223125,0.83218414,2.322631,2.9729674,17.836937,1
HOUSEHOLD_1_112_CA_3_validation,2.7570515,77.19744,0.17232683,5.6608987,0.80171853,2.7442858,3.5126858,22.812046,1
HOUSEHOLD_1_112_CA_4_validation,0.7142407,19.99874,0.0,1.6530316,0.94028217,0.8265158,1.0579402,6.057625,1
HOUSEHOLD_1_112_TX_1_validation,1.6819793,47.09542,0.0,3.8277128,0.8617191,1.9138564,2.449736,14.223591,1
HOUSEHOLD_1_112_TX_2_validation,1.3622162,38.142056,0.0,4.7714353,0.82762593,2.3857176,3.0537186,12.589232,1
HOUSEHOLD_1_112_TX_3_validation,1.4260477,39.929337,0.08942524,2.7626703,0.9034257,1.3366225,1.7108767,11.693211,1
HOUSEHOLD_1_112_WI_1_validation,1.1637132,32.58397,0.0,2.417153,0.91267735,1.2085764,1.5469778,9.69297,1
HOUSEHOLD_1_112_WI_2_validation,1.1560837,32.370342,0.022710325,2.289457,0.9181109,1.1333734,1.4507179,9.5433035,1
HOUSEHOLD_1_112_WI_3_validation,0.82003814,22.961067,0.0,2.2396426,0.9190901,1.1198213,1.4333712,7.173638,1
HOUSEHOLD_1_163_CA_1_validation,0.26207855,7.3381996,0.0,0.9837416,0.964461,0.4918708,0.6295946,2.4641445,1
HOUSEHOLD_1_163_CA_2_validation,0.23153861,6.483081,0.0,1.0688871,0.96138513,0.53444356,0.68408775,2.304858,1
HOUSEHOLD_1_163_CA_3_validation,0.20812212,5.8274193,0.0,0.75442326,0.97274554,0.37721163,0.48283088,1.9396857,1
HOUSEHOLD_1_163_CA_4_validation,0.13645117,3.8206327,0.0,0.5799562,0.9790484,0.2899781,0.37117195,1.3263302,1
HOUSEHOLD_1_163_TX_1_validation,0.08770556,2.4557557,0.0,1.3907106,0.9497588,0.6953553,0.89005476,1.5039937,1
HOUSEHOLD_1_163_TX_2_validation,0.19901364,5.572382,0.0,1.0258619,0.96293944,0.5129309,0.6565516,2.049647,1
HOUSEHOLD_1_163_TX_3_validation,0.20320347,5.6896973,0.0,1.0432485,0.9623113,0.52162427,0.6676791,2.0901034,1
HOUSEHOLD_1_163_WI_1_validation,0.09854146,2.759161,0.0,0.83499366,0.9698348,0.41749683,0.53439593,1.2241862,1
HOUSEHOLD_1_163_WI_2_validation,0.201315,5.63682,0.0,0.8146137,0.97057104,0.40730685,0.52135277,1.9305577,1
HOUSEHOLD_1_163_WI_3_validation,0.12035092,3.3698258,0.0,0.46345356,0.9832572,0.23172678,0.29661027,1.1390667,1
HOUSEHOLD_1_203_CA_1_validation,0.9551336,26.743742,0.0,2.327494,0.9159164,1.163747,1.489596,8.175531,1
HOUSEHOLD_1_203_CA_2_validation,1.119334,31.34135,0.0,3.8619606,0.86048186,1.9309803,2.4716547,10.306993,1
HOUSEHOLD_1_203_CA_3_validation,2.180917,61.065678,0.0,4.4358077,0.8397509,2.2179039,2.8389168,18.105335,1
HOUSEHOLD_1_203_CA_4_validation,0.5506406,15.417936,0.0,1.3387386,0.9516364,0.6693693,0.8567927,4.711277,1
HOUSEHOLD_1_203_TX_1_validation,0.7601344,21.283764,0.0,2.1941214,0.9207347,1.0970607,1.4042376,6.7251787,1
HOUSEHOLD_1_203_TX_2_validation,0.42372623,11.864334,0.0,1.9991049,0.92777985,0.9995524,1.279427,4.2455106,1
HOUSEHOLD_1_203_TX_3_validation,1.5532808,43.491863,0.0,3.2069914,0.8841434,1.6034957,2.0524745,12.92544,1
HOUSEHOLD_1_203_WI_1_validation,0.58613867,16.411882,0.0,1.7573516,0.9365135,0.8786758,1.1247051,5.2276754,1
HOUSEHOLD_1_203_WI_2_validation,0.9483735,26.554459,0.0,2.2948334,0.91709626,1.1474167,1.4686934,8.107308,1
HOUSEHOLD_1_203_WI_3_validation,0.5980326,16.744913,0.0,2.3036296,0.9167785,1.1518148,1.4743229,5.660551,1
HOUSEHOLD_1_360_CA_1_validation,0.48815233,13.668265,0.0,1.206056,0.9564298,0.603028,0.7718758,4.188942,1
HOUSEHOLD_1_360_CA_2_validation,0.5635193,15.778541,0.0,1.6933168,0.93882686,0.8466584,1.0837227,5.028358,1
HOUSEHOLD_1_360_CA_3_validation,0.47501007,13.300282,0.0,1.3209723,0.9522782,0.66048616,0.84542227,4.1704926,1
HOUSEHOLD_1_360_CA_4_validation,0.31219012,8.741323,0.0,0.9032802,0.9673678,0.4516401,0.5780993,2.76343,1
HOUSEHOLD_1_360_TX_1_validation,0.35464677,9.93011,0.0,1.1620634,0.95801896,0.5810317,0.74372053,3.226248,1
HOUSEHOLD_1_360_TX_2_validation,0.17758961,4.972509,0.0,2.7295437,0.9013918,1.3647718,1.746908,2.990035,1
HOUSEHOLD_1_360_TX_3_validation,0.24964876,6.990165,0.0,0.7672097,0.97228366,0.38360485,0.4910142,2.2385554,1
HOUSEHOLD_1_360_WI_1_validation,0.39766493,11.134618,0.0,1.2071742,0.9563893,0.6035871,0.7725915,3.5562458,1
HOUSEHOLD_1_360_WI_2_validation,0.27262196,7.6334147,0.0,0.9584576,0.9653745,0.4792288,0.61341286,2.5217667,1
HOUSEHOLD_1_360_WI_3_validation,0.20166,5.64648,0.0,0.9229533,0.96665716,0.46147665,0.5906901,2.00231,1
HOUSEHOLD_1_385_CA_1_validation,1.8022801,50.46384,0.15371023,3.8104591,0.8678954,1.8283745,2.3403194,14.95628,1
HOUSEHOLD_1_385_CA_2_validation,2.5172079,70.48182,0.124294676,4.910121,0.827106,2.392913,3.0629287,20.683384,1
HOUSEHOLD_1_385_CA_3_validation,3.642355,101.98594,0.13755406,7.7218904,0.7260063,3.7921681,4.8539753,30.35046,1
HOUSEHOLD_1_385_CA_4_validation,0.54768646,15.33522,0.0,1.5655206,0.9434436,0.7827603,1.0019332,4.835738,1
HOUSEHOLD_1_385_TX_1_validation,2.9683228,83.11304,0.53277534,5.428308,0.8231427,2.4477663,3.1331408,23.9114,1
HOUSEHOLD_1_385_TX_2_validation,1.7374728,48.64924,0.042601604,3.811184,0.86385524,1.8842912,2.4118927,14.574203,1
HOUSEHOLD_1_385_TX_3_validation,3.1309972,87.66792,0.7095694,5.56708,0.82451636,2.4287553,3.1088066,25.025787,1
HOUSEHOLD_1_385_WI_1_validation,2.979935,83.43818,0.20850389,6.200684,0.783525,2.9960902,3.8349953,24.69454,1
HOUSEHOLD_1_385_WI_2_validation,3.3359225,93.40583,0.36713034,6.3047147,0.7854973,2.9687922,3.8000538,27.151512,1
HOUSEHOLD_1_385_WI_3_validation,3.5155272,98.43476,1.0784894,5.954717,0.82384014,2.438114,3.1207857,27.729477,1
HOUSEHOLD_1_434_CA_1_validation,2.3491123,65.77515,0.0,4.7220626,0.8294096,2.3610313,3.02212,19.465906,1
HOUSEHOLD_1_434_CA_2_validation,3.024382,84.6827,0.36940306,5.86456,0.8014806,2.7475786,3.5169005,24.687576,1
HOUSEHOLD_1_434_CA_3_validation,5.5017114,154.04791,2.2021184,8.801305,0.76159614,3.2995932,4.2234793,42.73546,1
HOUSEHOLD_1_434_CA_4_validation,1.1386249,31.881496,0.0,2.649587,0.90428036,1.3247935,1.6957356,9.66611,1
HOUSEHOLD_1_434_TX_1_validation,1.1134075,31.17541,0.0,2.8576245,0.89676476,1.4288123,1.8288797,9.622732,1
HOUSEHOLD_1_434_TX_2_validation,1.1763498,32.937794,0.0,3.226012,0.8834563,1.613006,2.0646477,10.299096,1
HOUSEHOLD_1_434_TX_3_validation,1.4132998,39.572395,0.0,3.0212047,0.8908552,1.5106024,1.933571,11.82667,1
HOUSEHOLD_1_434_WI_1_validation,0.93469286,26.1714,0.0,3.5691624,0.87105954,1.7845812,2.2842638,8.827114,1
HOUSEHOLD_1_434_WI_2_validation,0.8499867,23.799627,0.0,2.3842187,0.9138671,1.1921093,1.5258999,7.4758067,1
HOUSEHOLD_1_434_WI_3_validation,0.7540614,21.11372,0.0,2.5979936,0.9061442,1.2989968,1.6627159,6.941146,1
HOUSEHOLD_1_458_CA_1_validation,1.4433452,40.413666,0.08428876,2.8024013,0.90180475,1.3590562,1.739592,11.843008,1
HOUSEHOLD_1_458_CA_2_validation,1.7254509,48.312626,0.2860805,3.1648211,0.8960019,1.4393703,1.8423939,13.92055,1
HOUSEHOLD_1_458_CA_3_validation,2.2437532,62.82509,0.0,5.2210183,0.8113842,2.6105092,3.3414516,19.047724,1
HOUSEHOLD_1_458_CA_4_validation,0.9574822,26.809502,0.06489518,1.8500693,0.9355084,0.89258707,1.1425114,7.844887,1
HOUSEHOLD_1_458_TX_1_validation,1.1672884,32.684074,0.0,2.909963,0.894874,1.4549814,1.8623762,10.033395,1
HOUSEHOLD_1_458_TX_2_validation,1.7670946,49.47865,0.0,3.5765479,0.87079275,1.7882739,2.2889905,14.658653,1
HOUSEHOLD_1_458_TX_3_validation,2.0868762,58.432533,0.22872986,3.9450223,0.8657443,1.8581462,2.378427,16.98656,1
HOUSEHOLD_1_458_WI_1_validation,2.0497077,57.391815,0.40582475,3.6935906,0.8812253,1.643883,2.10417,16.452124,1
HOUSEHOLD_1_458_WI_2_validation,1.5792983,44.220352,0.15540083,3.0031955,0.8971198,1.4238974,1.8225886,12.877677,1
HOUSEHOLD_1_458_WI_3_validation,0.92286605,25.84025,0.0,2.4279797,0.91228616,1.2139899,1.553907,8.013969,1
HOUSEHOLD_2_029_CA_1_validation,0.15507527,4.3421073,0.0,0.87707263,0.96831465,0.43853632,0.56132644,1.6468532,1
HOUSEHOLD_2_029_CA_2_validation,0.2234127,6.2555556,0.0,1.250427,0.9548268,0.6252135,0.80027324,2.3641622,1
HOUSEHOLD_2_029_CA_3_validation,0.20111777,5.6312976,0.0,1.0220948,0.9630755,0.5110474,0.6541407,2.061965,1
HOUSEHOLD_2_029_CA_4_validation,0.26099375,7.307825,0.0,0.91667366,0.966884,0.45833683,0.5866711,2.4136274,1
HOUSEHOLD_2_029_TX_1_validation,0.24602087,6.888584,0.0,0.9849885,0.964416,0.49249426,0.6303926,2.3525386,1
HOUSEHOLD_2_029_TX_2_validation,0.15303753,4.285051,0.0,0.73084927,0.97359717,0.36542463,0.46774352,1.5390062,1
HOUSEHOLD_2_029_TX_3_validation,0.10804706,3.0253177,0.0,0.6089217,0.97800195,0.30446085,0.3897099,1.1460392,1
HOUSEHOLD_2_029_WI_1_validation,0.086530484,2.4228535,0.0,0.57828146,0.97910887,0.28914073,0.37010014,0.9758135,1
HOUSEHOLD_2_029_WI_2_validation,0.376273,10.535645,0.0,1.0638163,0.9615683,0.53190815,0.6808424,3.3147535,1
HOUSEHOLD_2_029_WI_3_validation,0.15556113,4.355712,0.0,0.7123289,0.97426623,0.35616446,0.4558905,1.5448185,1
HOUSEHOLD_2_180_CA_1_validation,0.4438412,12.427553,0.0,1.5572368,0.9437429,0.7786184,0.9966315,4.10352,1
HOUSEHOLD_2_180_CA_2_validation,0.6011717,16.832808,0.0,2.3848407,0.91384465,1.1924204,1.526298,5.7345,1
HOUSEHOLD_2_180_CA_3_validation,0.19619083,5.4933434,0.0,2.939955,0.8937904,1.4699775,1.8815712,3.2549071,1
HOUSEHOLD_2_180_CA_4_validation,0.38749412,10.849835,0.0,1.6522337,0.94031096,0.82611686,1.0574296,3.7698884,1
HOUSEHOLD_2_180_TX_1_validation,0.6814782,19.08139,0.0,1.8307798,0.9338608,0.9153899,1.171699,5.9420466,1
HOUSEHOLD_2_180_TX_2_validation,1.0083128,28.23276,0.0,2.8198025,0.8981311,1.4099013,1.8046736,8.862864,1
HOUSEHOLD_2_180_TX_3_validation,1.2085674,33.839886,0.0,2.873687,0.89618444,1.4368435,1.8391596,10.299131,1
HOUSEHOLD_2_180_WI_1_validation,0.47253343,13.230936,0.0,1.8963537,0.93149185,0.94817686,1.2136663,4.5214005,1
HOUSEHOLD_2_180_WI_2_validation,0.98737997,27.646639,0.0,2.4573205,0.9112262,1.2286602,1.572685,8.4843445,1
HOUSEHOLD_2_180_WI_3_validation,0.50004417,14.001237,0.0,1.4886793,0.94621956,0.74433964,0.95275474,4.453064,1
HOUSEHOLD_2_235_CA_1_validation,0.14632972,4.097232,0.0,0.88282424,0.96810687,0.44141212,0.5650075,1.5893154,1
HOUSEHOLD_2_235_CA_2_validation,0.36385205,10.187858,0.0,1.9166139,0.9307599,0.95830697,1.2266328,3.7735972,1
HOUSEHOLD_2_235_CA_3_validation,0.352505,9.87014,0.0,1.5042967,0.9456554,0.75214833,0.96274984,3.430285,1
HOUSEHOLD_2_235_CA_4_validation,0.0890785,2.494198,0.0,0.6702232,0.97578734,0.3351116,0.42894283,1.0524924,1
HOUSEHOLD_2_235_TX_1_validation,0.12749465,3.5698502,0.0,0.7614346,0.9724922,0.3807173,0.48731813,1.3797807,1
HOUSEHOLD_2_235_TX_2_validation,0.15158682,4.244431,0.0,0.7116413,0.97429115,0.35582066,0.45545042,1.5165582,1
HOUSEHOLD_2_235_TX_3_validation,0.10723909,3.0026946,0.0,0.5627242,0.9796709,0.2813621,0.36014345,1.1108171,1
HOUSEHOLD_2_235_WI_1_validation,0.16807687,4.7061524,0.0,0.6515006,0.97646374,0.3257503,0.41696036,1.5934985,1
HOUSEHOLD_2_235_WI_2_validation,0.1335976,3.7407327,0.0,2.0229688,0.92691773,1.0114844,1.2947,2.2298832,1
HOUSEHOLD_2_235_WI_3_validation,0.0694336,1.9441408,0.0,0.5552082,0.9799424,0.2776041,0.35533324,0.84136844,1
HOUSEHOLD_2_259_CA_1_validation,0.3957858,11.082003,0.0,1.1449403,0.9586376,0.5724701,0.73276174,3.5032625,1
HOUSEHOLD_2_259_CA_2_validation,0.76130456,21.316528,0.0,1.8907502,0.9316943,0.9453751,1.21008,6.539212,1
HOUSEHOLD_2_259_CA_3_validation,0.48888227,13.688704,0.0,1.4474972,0.94770736,0.7237486,0.9263982,4.348574,1
HOUSEHOLD_2_259_CA_4_validation,0.18412146,5.1554008,0.0,0.7755372,0.97198266,0.3877686,0.4963438,1.7851939,1
HOUSEHOLD_2_259_TX_1_validation,0.26954064,7.5471377,0.0,0.7717942,0.97211796,0.3858971,0.49394828,2.3807328,1
HOUSEHOLD_2_259_TX_2_validation,0.21491024,6.0174866,0.0,0.84932333,0.96931714,0.42466167,0.54356694,2.0479386,1
HOUSEHOLD_2_259_TX_3_validation,0.14008519,3.9223852,0.0,0.63465244,0.97707236,0.31732622,0.40617755,1.3867738,1
HOUSEHOLD_2_259_WI_1_validation,0.1681707,4.70878,0.0,0.6345168,0.9770773,0.3172584,0.40609074,1.5832857,1
HOUSEHOLD_2_259_WI_2_validation,0.1451859,4.065205,0.0,0.660839,0.9761264,0.3304195,0.42293698,1.4392383,1
HOUSEHOLD_2_259_WI_3_validation,0.11095885,3.1068478,0.0,0.5679764,0.97948116,0.2839882,0.3635049,1.1402168,1
HOUSEHOLD_2_344_CA_1_validation,0.56770104,15.895629,0.0,2.0680995,0.9252873,1.0340497,1.3235836,5.297491,1
HOUSEHOLD_2_344_CA_2_validation,0.21427739,5.999767,0.0,2.1229625,0.92330533,1.0614812,1.358696,2.8586378,1
HOUSEHOLD_2_344_CA_3_validation,2.1282969,59.59231,0.0,4.387308,0.841503,2.193654,2.807877,17.705956,1
HOUSEHOLD_2_344_CA_4_validation,0.16434838,4.6017547,0.0,1.2074686,0.95637864,0.6037343,0.7727799,1.9232185,1
HOUSEHOLD_2_344_TX_1_validation,1.06271,29.755882,0.0,2.4501343,0.91148585,1.2250671,1.5680859,9.007056,1
HOUSEHOLD_2_344_TX_2_validation,0.49756485,13.931816,0.0,2.0851457,0.9246715,1.0425729,1.3344933,4.817447,1
HOUSEHOLD_2_344_TX_3_validation,0.32624656,9.134904,0.0,1.950176,0.9295474,0.975088,1.2481126,3.5318384,1
HOUSEHOLD_2_344_WI_1_validation,0.21550994,6.0342784,0.0,0.838626,0.96970356,0.419313,0.53672063,2.0452902,1
HOUSEHOLD_2_344_WI_2_validation,0.24386016,6.8280845,0.0,1.0788902,0.96102375,0.5394451,0.6904897,2.3975108,1
HOUSEHOLD_2_344_WI_3_validation,0.6662189,18.654129,0.0,1.6666788,0.9397891,0.8333394,1.0666744,5.7302065,1
HOUSEHOLD_2_450_CA_1_validation,0.90215737,25.260406,0.0,1.8424175,0.9334403,0.92120874,1.1791471,7.494249,1
HOUSEHOLD_2_450_CA_2_validation,0.52741164,14.767526,0.0,1.8738123,0.9323062,0.93690616,1.1992399,4.8911214,1
HOUSEHOLD_2_450_CA_3_validation,0.7025074,19.670206,0.0,1.8270587,0.93399525,0.91352934,1.1693175,6.0868692,1
HOUSEHOLD_2_450_CA_4_validation,0.58398736,16.351646,0.0,1.2231625,0.9558118,0.61158127,0.782824,4.8707356,1
HOUSEHOLD_2_450_TX_1_validation,0.19910584,5.5749636,0.0,0.8406148,0.96963173,0.4203074,0.53799343,1.9317343,1
HOUSEHOLD_2_450_TX_2_validation,0.5854084,16.391436,0.0,1.345477,0.95139295,0.6727385,0.86110526,4.9589643,1
HOUSEHOLD_2_450_TX_3_validation,0.19507754,5.462171,0.0,0.70073587,0.974685,0.35036793,0.44847095,1.8140137,1
HOUSEHOLD_2_450_WI_1_validation,0.5106467,14.298107,0.0,1.3169259,0.9524244,0.65846294,0.84283257,4.4173594,1
HOUSEHOLD_2_450_WI_2_validation,0.5501365,15.403822,0.0,1.2987806,0.9530799,0.6493903,0.83121955,4.682175,1
HOUSEHOLD_2_450_WI_3_validation,0.26278034,7.3578496,0.0,0.77844584,0.9718777,0.38922292,0.49820533,2.3376677,1
HOUSEHOLD_2_462_CA_1_validation,0.14677037,4.1095705,0.0,0.7511376,0.9728642,0.3755688,0.48072806,1.5081207,1
HOUSEHOLD_2_462_CA_2_validation,0.23998164,6.7194858,0.0,0.85997504,0.96893233,0.42998752,0.550384,2.2302554,1
HOUSEHOLD_2_462_CA_3_validation,0.1157679,3.2415013,0.0,0.7522131,0.97282535,0.37610656,0.48141637,1.2917917,1
HOUSEHOLD_2_462_CA_4_validation,0.1419579,3.974821,0.0,0.6454858,0.97668105,0.3227429,0.4131109,1.4068162,1
HOUSEHOLD_2_462_TX_1_validation,0.04014625,1.124095,0.0,0.40980428,0.9851953,0.20490214,0.26227474,0.5432985,1
HOUSEHOLD_2_462_TX_2_validation,0.1779078,4.981418,0.0,0.8197605,0.97038513,0.40988025,0.5246467,1.7700012,1
HOUSEHOLD_2_462_TX_3_validation,0.081961505,2.294922,0.0,0.4885667,0.98234993,0.24428335,0.3126827,0.8864132,1
HOUSEHOLD_2_462_WI_1_validation,0.10732535,3.0051098,0.0,0.62801236,0.97731227,0.31400618,0.4019279,1.1532054,1
HOUSEHOLD_2_462_WI_2_validation,0.10780829,3.0186322,0.0,0.5261424,0.98099244,0.2630712,0.33673114,1.0913892,1
HOUSEHOLD_2_462_WI_3_validation,0.07813878,2.187886,0.0,0.53569585,0.9806474,0.26784793,0.34284535,0.8898169,1
HOUSEHOLD_2_490_CA_1_validation,1.249574,34.98807,0.0,2.9180627,0.8945813,1.4590313,1.86756,10.614578,1
HOUSEHOLD_2_490_CA_2_validation,3.930895,110.06506,0.47216302,7.6761203,0.739748,3.6019785,4.6105323,32.126797,1
HOUSEHOLD_2_490_CA_3_validation,1.3720165,38.416462,0.010760213,3.4842935,0.8745142,1.7367666,2.223061,11.827177,1
HOUSEHOLD_2_490_CA_4_validation,0.93147796,26.081383,0.0,2.7519677,0.9005817,1.3759838,1.7612593,8.281605,1
HOUSEHOLD_2_490_TX_1_validation,1.1082019,31.029652,0.0,2.272,0.9179211,1.136,1.45408,9.211493,1
HOUSEHOLD_2_490_TX_2_validation,1.5002924,42.008186,0.21145113,2.7891338,0.906878,1.2888414,1.6497169,12.151764,1
HOUSEHOLD_2_490_TX_3_validation,1.2993536,36.3819,0.1511075,2.7199943,0.9071957,1.2844434,1.6440874,10.739563,1
HOUSEHOLD_2_490_WI_1_validation,1.676441,46.940346,0.14507128,3.2078106,0.8893547,1.5313697,1.9601531,13.69524,1
HOUSEHOLD_2_490_WI_2_validation,0.9816937,27.487423,0.0,2.0003335,0.92773545,1.0001668,1.2802135,8.152069,1
HOUSEHOLD_2_490_WI_3_validation,0.9704784,27.173395,0.0,1.9818012,0.9284049,0.9909006,1.2683527,8.061702,1
