sku_id,category,department,placement_zone,route
FOODS_2_044_CA_1_validation,FOODS,FOODS_2,Zone-A,On-Demand
FOODS_2_044_CA_2_validation,FOODS,FOODS_2,Zone-A,On-Demand
FOODS_2_044_CA_3_validation,FOODS,FOODS_2,Zone-A,On-Demand
FOODS_2_044_CA_4_validation,FOODS,FOODS_2,Zone-A,On-Demand
FOODS_2_044_TX_1_validation,FOODS,FOODS_2,Zone-A,Bulk-Replenish
FOODS_2_044_TX_2_validation,FOODS,FOODS_2,Zone-A,On-Demand
FOODS_2_044_TX_3_validation,FOODS,FOODS_2,Zone-A,Bulk-Replenish
FOODS_2_044_WI_1_validation,FOODS,FOODS_2,Zone-A,On-Demand
FOODS_2_044_WI_2_validation,FOODS,FOODS_2,Zone-A,Bulk-Replenish
FOODS_2_044_WI_3_validation,FOODS,FOODS_2,Zone-A,On-Demand
FOODS_2_059_CA_1_validation,FOODS,FOODS_2,Zone-A,On-Demand
FOODS_2_059_CA_2_validation,FOODS,FOODS_2,Zone-A,On-Demand
FOODS_2_059_CA_3_validation,FOODS,FOODS_2,Zone-A,On-Demand
FOODS_2_059_CA_4_validation,FOODS,FOODS_2,Zone-A,On-Demand
FOODS_2_059_TX_1_validation,FOODS,FOODS_2,Zone-A,On-Demand
FOODS_2_059_TX_2_validation,FOODS,FOODS_2,Zone-A,On-Demand
FOODS_2_059_TX_3_validation,FOODS,FOODS_2,Zone-A,Standard-Supply
FOODS_2_059_WI_1_validation,FOODS,FOODS_2,Zone-A,On-Demand
FOODS_2_059_WI_2_validation,FOODS,FOODS_2,Zone-A,On-Demand
FOODS_2_059_WI_3_validation,FOODS,FOODS_2,Zone-A,On-Demand
FOODS_2_102_CA_1_validation,FOODS,FOODS_2,Zone-A,On-Demand
FOODS_2_102_CA_2_validation,FOODS,FOODS_2,Zone-A,On-Demand
FOODS_2_102_CA_3_validation,FOODS,FOODS_2,Zone-A,On-Demand
FOODS_2_102_CA_4_validation,FOODS,FOODS_2,Zone-A,On-Demand
FOODS_2_102_TX_1_validation,FOODS,FOODS_2,Zone-A,On-Demand
FOODS_2_102_TX_2_validation,FOODS,FOODS_2,Zone-A,On-Demand
FOODS_2_102_TX_3_validation,FOODS,FOODS_2,Zone-A,On-Demand
FOODS_2_102_WI_1_validation,FOODS,FOODS_2,Zone-A,On-Demand
FOODS_2_102_WI_2_validation,FOODS,FOODS_2,Zone-A,On-Demand
FOODS_2_102_WI_3_validation,FOODS,FOODS_2,Zone-A,On-Demand
FOODS_2_147_CA_1_validation,FOODS,FOODS_2,Zone-A,On-Demand
FOODS_2_147_CA_2_validation,FOODS,FOODS_2,Zone-A,On-Demand
FOODS_2_147_CA_3_validation,FOODS,FOODS_2,Zone-A,On-Demand
FOODS_2_147_CA_4_validation,FOODS,FOODS_2,Zone-A,On-Demand
FOODS_2_147_TX_1_validation,FOODS,FOODS_2,Zone-A,On-Demand
FOODS_2_147_TX_2_validation,FOODS,FOODS_2,Zone-A,On-Demand
FOODS_2_147_TX_3_validation,FOODS,FOODS_2,Zone-A,On-Demand
FOODS_2_147_WI_1_validation,FOODS,FOODS_2,Zone-A,On-Demand
FOODS_2_147_WI_2_validation,FOODS,FOODS_2,Zone-A,On-Demand
FOODS_2_147_WI_3_validation,FOODS,FOODS_2,Zone-A,On-Demand
FOODS_2_380_CA_1_validation,FOODS,FOODS_2,Zone-A,Bulk-Replenish
FOODS_2_380_CA_2_validation,FOODS,FOODS_2,Zone-A,On-Demand
FOODS_2_380_CA_3_validation,FOODS,FOODS_2,Zone-A,On-Demand
FOODS_2_380_CA_4_validation,FOODS,FOODS_2,Zone-A,On-Demand
FOODS_2_380_TX_1_validation,FOODS,FOODS_2,Zone-A,Bulk-Replenish
FOODS_2_380_TX_2_validation,FOODS,FOODS_2,Zone-A,Bulk-Replenish
FOODS_2_380_TX_3_validation,FOODS,FOODS_2,Zone-A,On-Demand
FOODS_2_380_WI_1_validation,FOODS,FOODS_2,Zone-A,On-Demand
FOODS_2_380_WI_2_validation,FOODS,FOODS_2,Zone-A,Bulk-Replenish
FOODS_2_380_WI_3_validation,FOODS,FOODS_2,Zone-A,On-Demand
FOODS_3_017_CA_1_validation,FOODS,FOODS_3,Zone-A,On-Demand
FOODS_3_017_CA_2_validation,FOODS,FOODS_3,Zone-A,On-Demand
FOODS_3_017_CA_3_validation,FOODS,FOODS_3,Zone-A,On-Demand
FOODS_3_017_CA_4_validation,FOODS,FOODS_3,Zone-A,On-Demand
FOODS_3_017_TX_1_validation,FOODS,FOODS_3,Zone-A,On-Demand
FOODS_3_017_TX_2_validation,FOODS,FOODS_3,Zone-A,On-Demand
FOODS_3_017_TX_3_validation,FOODS,FOODS_3,Zone-A,On-Demand
FOODS_3_017_WI_1_validation,FOODS,FOODS_3,Zone-A,On-Demand
FOODS_3_017_WI_2_validation,FOODS,FOODS_3,Zone-A,On-Demand
FOODS_3_017_WI_3_validation,FOODS,FOODS_3,Zone-A,On-Demand
FOODS_3_093_CA_1_validation,FOODS,FOODS_3,Zone-A,On-Demand
FOODS_3_093_CA_2_validation,FOODS,FOODS_3,Zone-A,On-Demand
FOODS_3_093_CA_3_validation,FOODS,FOODS_3,Zone-A,Bulk-Replenish
FOODS_3_093_CA_4_validation,FOODS,FOODS_3,Zone-A,On-Demand
FOODS_3_093_TX_1_validation,FOODS,FOODS_3,Zone-A,On-Demand
FOODS_3_093_TX_2_validation,FOODS,FOODS_3,Zone-A,On-Demand
FOODS_3_093_TX_3_validation,FOODS,FOODS_3,Zone-A,Bulk-Replenish
FOODS_3_093_WI_1_validation,FOODS,FOODS_3,Zone-A,On-Demand
FOODS_3_093_WI_2_validation,FOODS,FOODS_3,Zone-A,On-Demand
FOODS_3_093_WI_3_validation,FOODS,FOODS_3,Zone-A,Bulk-Replenish
FOODS_3_131_CA_1_validation,FOODS,FOODS_3,Zone-A,Bulk-Replenish
FOODS_3_131_CA_2_validation,FOODS,FOODS_3,Zone-A,Bulk-Replenish
FOODS_3_131_CA_3_validation,FOODS,FOODS_3,Zone-A,Standard-Supply
FOODS_3_131_CA_4_validation,FOODS,FOODS_3,Zone-A,Bulk-Replenish
FOODS_3_131_TX_1_validation,FOODS,FOODS_3,Zone-A,Standard-Supply
FOODS_3_131_TX_2_validation,FOODS,FOODS_3,Zone-A,Standard-Supply
FOODS_3_131_TX_3_validation,FOODS,FOODS_3,Zone-A,Bulk-Replenish
FOODS_3_131_WI_1_validation,FOODS,FOODS_3,Zone-A,Standard-Supply
FOODS_3_131_WI_2_validation,FOODS,FOODS_3,Zone-A,Standard-Supply
FOODS_3_131_WI_3_validation,FOODS,FOODS_3,Zone-A,Priority-Supply
FOODS_3_142_CA_1_validation,FOODS,FOODS_3,Zone-A,Bulk-Replenish
FOODS_3_142_CA_2_validation,FOODS,FOODS_3,Zone-A,Bulk-Replenish
FOODS_3_142_CA_3_validation,FOODS,FOODS_3,Zone-A,Priority-Supply
FOODS_3_142_CA_4_validation,FOODS,FOODS_3,Zone-A,On-Demand
FOODS_3_142_TX_1_validation,FOODS,FOODS_3,Zone-A,On-Demand
FOODS_3_142_TX_2_validation,FOODS,FOODS_3,Zone-A,Bulk-Replenish
FOODS_3_142_TX_3_validation,FOODS,FOODS_3,Zone-A,On-Demand
FOODS_3_142_WI_1_validation,FOODS,FOODS_3,Zone-A,On-Demand
FOODS_3_142_WI_2_validation,FOODS,FOODS_3,Zone-A,On-Demand
FOODS_3_142_WI_3_validation,FOODS,FOODS_3,Zone-A,Bulk-Replenish
FOODS_3_150_CA_1_validation,FOODS,FOODS_3,Zone-A,Bulk-Replenish
FOODS_3_150_CA_2_validation,FOODS,FOODS_3,Zone-A,Bulk-Replenish
FOODS_3_150_CA_3_validation,FOODS,FOODS_3,Zone-A,Bulk-Replenish
FOODS_3_150_CA_4_validation,FOODS,FOODS_3,Zone-A,Bulk-Replenish
FOODS_3_150_TX_1_validation,FOODS,FOODS_3,Zone-A,On-Demand
FOODS_3_150_TX_2_validation,FOODS,FOODS_3,Zone-A,Bulk-Replenish
FOODS_3_150_TX_3_validation,FOODS,FOODS_3,Zone-A,Bulk-Replenish
FOODS_3_150_WI_1_validation,FOODS,FOODS_3,Zone-A,Bulk-Replenish
FOODS_3_150_WI_2_validation,FOODS,FOODS_3,Zone-A,Bulk-Replenish
FOODS_3_150_WI_3_validation,FOODS,FOODS_3,Zone-A,Bulk-Replenish
FOODS_3_288_CA_1_validation,FOODS,FOODS_3,Zone-A,Standard-Supply
FOODS_3_288_CA_2_validation,FOODS,FOODS_3,Zone-A,Standard-Supply
FOODS_3_288_CA_3_validation,FOODS,FOODS_3,Zone-A,Standard-Supply
FOODS_3_288_CA_4_validation,FOODS,FOODS_3,Zone-A,Priority-Supply
FOODS_3_288_TX_1_validation,FOODS,FOODS_3,Zone-A,Standard-Supply
FOODS_3_288_TX_2_validation,FOODS,FOODS_3,Zone-A,Priority-Supply
FOODS_3_288_TX_3_validation,FOODS,FOODS_3,Zone-A,Standard-Supply
FOODS_3_288_WI_1_validation,FOODS,FOODS_3,Zone-A,Standard-Supply
FOODS_3_288_WI_2_validation,FOODS,FOODS_3,Zone-A,Standard-Supply
FOODS_3_288_WI_3_validation,FOODS,FOODS_3,Zone-A,Standard-Supply
FOODS_3_293_CA_1_validation,FOODS,FOODS_3,Zone-A,Bulk-Replenish
FOODS_3_293_CA_2_validation,FOODS,FOODS_3,Zone-A,Bulk-Replenish
FOODS_3_293_CA_3_validation,FOODS,FOODS_3,Zone-A,Bulk-Replenish
FOODS_3_293_CA_4_validation,FOODS,FOODS_3,Zone-A,Bulk-Replenish
FOODS_3_293_TX_1_validation,FOODS,FOODS_3,Zone-A,On-Demand
FOODS_3_293_TX_2_validation,FOODS,FOODS_3,Zone-A,On-Demand
FOODS_3_293_TX_3_validation,FOODS,FOODS_3,Zone-A,On-Demand
FOODS_3_293_WI_1_validation,FOODS,FOODS_3,Zone-A,On-Demand
FOODS_3_293_WI_2_validation,FOODS,FOODS_3,Zone-A,On-Demand
FOODS_3_293_WI_3_validation,FOODS,FOODS_3,Zone-A,Bulk-Replenish
FOODS_3_296_CA_1_validation,FOODS,FOODS_3,Zone-A,On-Demand
FOODS_3_296_CA_2_validation,FOODS,FOODS_3,Zone-A,Bulk-Replenish
FOODS_3_296_CA_3_validation,FOODS,FOODS_3,Zone-A,Bulk-Replenish
FOODS_3_296_CA_4_validation,FOODS,FOODS_3,Zone-A,On-Demand
FOODS_3_296_TX_1_validation,FOODS,FOODS_3,Zone-A,Bulk-Replenish
FOODS_3_296_TX_2_validation,FOODS,FOODS_3,Zone-A,On-Demand
FOODS_3_296_TX_3_validation,FOODS,FOODS_3,Zone-A,Bulk-Replenish
FOODS_3_296_WI_1_validation,FOODS,FOODS_3,Zone-A,Bulk-Replenish
FOODS_3_296_WI_2_validation,FOODS,FOODS_3,Zone-A,Bulk-Replenish
FOODS_3_296_WI_3_validation,FOODS,FOODS_3,Zone-A,On-Demand
FOODS_3_420_CA_1_validation,FOODS,FOODS_3,Zone-A,On-Demand
FOODS_3_420_CA_2_validation,FOODS,FOODS_3,Zone-A,Bulk-Replenish
FOODS_3_420_CA_3_validation,FOODS,FOODS_3,Zone-A,On-Demand
FOODS_3_420_CA_4_validation,FOODS,FOODS_3,Zone-A,On-Demand
FOODS_3_420_TX_1_validation,FOODS,FOODS_3,Zone-A,On-Demand
FOODS_3_420_TX_2_validation,FOODS,FOODS_3,Zone-A,Bulk-Replenish
FOODS_3_420_TX_3_validation,FOODS,FOODS_3,Zone-A,Bulk-Replenish
FOODS_3_420_WI_1_validation,FOODS,FOODS_3,Zone-A,On-Demand
FOODS_3_420_WI_2_validation,FOODS,FOODS_3,Zone-A,On-Demand
FOODS_3_420_WI_3_validation,FOODS,FOODS_3,Zone-A,On-Demand
FOODS_3_525_CA_1_validation,FOODS,FOODS_3,Zone-A,Standard-Supply
FOODS_3_525_CA_2_validation,FOODS,FOODS_3,Zone-A,Bulk-Replenish
FOODS_3_525_CA_3_validation,FOODS,FOODS_3,Zone-A,Bulk-Replenish
FOODS_3_525_CA_4_validation,FOODS,FOODS_3,Zone-A,On-Demand
FOODS_3_525_TX_1_validation,FOODS,FOODS_3,Zone-A,Bulk-Replenish
FOODS_3_525_TX_2_validation,FOODS,FOODS_3,Zone-A,On-Demand
FOODS_3_525_TX_3_validation,FOODS,FOODS_3,Zone-A,Bulk-Replenish
FOODS_3_525_WI_1_validation,FOODS,FOODS_3,Zone-A,Bulk-Replenish
FOODS_3_525_WI_2_validation,FOODS,FOODS_3,Zone-A,Priority-Supply
FOODS_3_525_WI_3_validation,FOODS,FOODS_3,Zone-A,Bulk-Replenish
FOODS_3_764_CA_1_validation,FOODS,FOODS_3,Zone-A,Standard-Supply
FOODS_3_764_CA_2_validation,FOODS,FOODS_3,Zone-A,Priority-Supply
FOODS_3_764_CA_3_validation,FOODS,FOODS_3,Zone-A,Standard-Supply
FOODS_3_764_CA_4_validation,FOODS,FOODS_3,Zone-A,Standard-Supply
FOODS_3_764_TX_1_validation,FOODS,FOODS_3,Zone-A,Standard-Supply
FOODS_3_764_TX_2_validation,FOODS,FOODS_3,Zone-A,Standard-Supply
FOODS_3_764_TX_3_validation,FOODS,FOODS_3,Zone-A,Standard-Supply
FOODS_3_764_WI_1_validation,FOODS,FOODS_3,Zone-A,Standard-Supply
FOODS_3_764_WI_2_validation,FOODS,FOODS_3,Zone-A,Standard-Supply
FOODS_3_764_WI_3_validation,FOODS,FOODS_3,Zone-A,Standard-Supply
HOBBIES_1_085_CA_1_validation,HOBBIES,HOBBIES_1,Zone-C,On-Demand
HOBBIES_1_085_CA_2_validation,HOBBIES,HOBBIES_1,Zone-C,On-Demand
HOBBIES_1_085_CA_3_validation,HOBBIES,HOBBIES_1,Zone-C,On-Demand
HOBBIES_1_085_CA_4_validation,HOBBIES,HOBBIES_1,Zone-C,On-Demand
HOBBIES_1_085_TX_1_validation,HOBBIES,HOBBIES_1,Zone-C,On-Demand
HOBBIES_1_085_TX_2_validation,HOBBIES,HOBBIES_1,Zone-C,On-Demand
HOBBIES_1_085_TX_3_validation,HOBBIES,HOBBIES_1,Zone-C,On-Demand
HOBBIES_1_085_WI_1_validation,HOBBIES,HOBBIES_1,Zone-C,On-Demand
HOBBIES_1_085_WI_2_validation,HOBBIES,HOBBIES_1,Zone-C,On-Demand
HOBBIES_1_085_WI_3_validation,HOBBIES,HOBBIES_1,Zone-C,On-Demand
HOBBIES_1_153_CA_1_validation,HOBBIES,HOBBIES_1,Zone-C,On-Demand
HOBBIES_1_153_CA_2_validation,HOBBIES,HOBBIES_1,Zone-C,On-Demand
HOBBIES_1_153_CA_3_validation,HOBBIES,HOBBIES_1,Zone-C,Bulk-Replenish
HOBBIES_1_153_CA_4_validation,HOBBIES,HOBBIES_1,Zone-C,On-Demand
HOBBIES_1_153_TX_1_validation,HOBBIES,HOBBIES_1,Zone-C,On-Demand
HOBBIES_1_153_TX_2_validation,HOBBIES,HOBBIES_1,Zone-C,Bulk-Replenish
HOBBIES_1_153_TX_3_validation,HOBBIES,HOBBIES_1,Zone-C,On-Demand
HOBBIES_1_153_WI_1_validation,HOBBIES,HOBBIES_1,Zone-C,Priority-Supply
HOBBIES_1_153_WI_2_validation,HOBBIES,HOBBIES_1,Zone-C,On-Demand
HOBBIES_1_153_WI_3_validation,HOBBIES,HOBBIES_1,Zone-C,Bulk-Replenish
HOBBIES_1_158_CA_1_validation,HOBBIES,HOBBIES_1,Zone-C,On-Demand
HOBBIES_1_158_CA_2_validation,HOBBIES,HOBBIES_1,Zone-C,On-Demand
HOBBIES_1_158_CA_3_validation,HOBBIES,HOBBIES_1,Zone-C,On-Demand
HOBBIES_1_158_CA_4_validation,HOBBIES,HOBBIES_1,Zone-C,On-Demand
HOBBIES_1_158_TX_1_validation,HOBBIES,HOBBIES_1,Zone-C,Standard-Supply
HOBBIES_1_158_TX_2_validation,HOBBIES,HOBBIES_1,Zone-C,On-Demand
HOBBIES_1_158_TX_3_validation,HOBBIES,HOBBIES_1,Zone-C,On-Demand
HOBBIES_1_158_WI_1_validation,HOBBIES,HOBBIES_1,Zone-C,On-Demand
HOBBIES_1_158_WI_2_validation,HOBBIES,HOBBIES_1,Zone-C,Standard-Supply
HOBBIES_1_158_WI_3_validation,HOBBIES,HOBBIES_1,Zone-C,On-Demand
HOBBIES_1_202_CA_1_validation,HOBBIES,HOBBIES_1,Zone-C,Bulk-Replenish
HOBBIES_1_202_CA_2_validation,HOBBIES,HOBBIES_1,Zone-C,Bulk-Replenish
HOBBIES_1_202_CA_3_validation,HOBBIES,HOBBIES_1,Zone-C,Bulk-Replenish
HOBBIES_1_202_CA_4_validation,HOBBIES,HOBBIES_1,Zone-C,Bulk-Replenish
HOBBIES_1_202_TX_1_validation,HOBBIES,HOBBIES_1,Zone-C,Bulk-Replenish
HOBBIES_1_202_TX_2_validation,HOBBIES,HOBBIES_1,Zone-C,Bulk-Replenish
HOBBIES_1_202_TX_3_validation,HOBBIES,HOBBIES_1,Zone-C,Bulk-Replenish
HOBBIES_1_202_WI_1_validation,HOBBIES,HOBBIES_1,Zone-C,Bulk-Replenish
HOBBIES_1_202_WI_2_validation,HOBBIES,HOBBIES_1,Zone-C,Bulk-Replenish
HOBBIES_1_202_WI_3_validation,HOBBIES,HOBBIES_1,Zone-C,Bulk-Replenish
HOBBIES_1_230_CA_1_validation,HOBBIES,HOBBIES_1,Zone-C,On-Demand
HOBBIES_1_230_CA_2_validation,HOBBIES,HOBBIES_1,Zone-C,On-Demand
HOBBIES_1_230_CA_3_validation,HOBBIES,HOBBIES_1,Zone-C,On-Demand
HOBBIES_1_230_CA_4_validation,HOBBIES,HOBBIES_1,Zone-C,On-Demand
HOBBIES_1_230_TX_1_validation,HOBBIES,HOBBIES_1,Zone-C,On-Demand
HOBBIES_1_230_TX_2_validation,HOBBIES,HOBBIES_1,Zone-C,On-Demand
HOBBIES_1_230_TX_3_validation,HOBBIES,HOBBIES_1,Zone-C,On-Demand
HOBBIES_1_230_WI_1_validation,HOBBIES,HOBBIES_1,Zone-C,On-Demand
HOBBIES_1_230_WI_2_validation,HOBBIES,HOBBIES_1,Zone-C,On-Demand
HOBBIES_1_230_WI_3_validation,HOBBIES,HOBBIES_1,Zone-C,On-Demand
HOBBIES_1_242_CA_1_validation,HOBBIES,HOBBIES_1,Zone-C,Bulk-Replenish
HOBBIES_1_242_CA_2_validation,HOBBIES,HOBBIES_1,Zone-C,Bulk-Replenish
HOBBIES_1_242_CA_3_validation,HOBBIES,HOBBIES_1,Zone-C,Standard-Supply
HOBBIES_1_242_CA_4_validation,HOBBIES,HOBBIES_1,Zone-C,Bulk-Replenish
HOBBIES_1_242_TX_1_validation,HOBBIES,HOBBIES_1,Zone-C,On-Demand
HOBBIES_1_242_TX_2_validation,HOBBIES,HOBBIES_1,Zone-C,On-Demand
HOBBIES_1_242_TX_3_validation,HOBBIES,HOBBIES_1,Zone-C,On-Demand
HOBBIES_1_242_WI_1_validation,HOBBIES,HOBBIES_1,Zone-C,On-Demand
HOBBIES_1_242_WI_2_validation,HOBBIES,HOBBIES_1,Zone-C,On-Demand
HOBBIES_1_242_WI_3_validation,HOBBIES,HOBBIES_1,Zone-C,On-Demand
HOBBIES_1_255_CA_1_validation,HOBBIES,HOBBIES_1,Zone-C,Bulk-Replenish
HOBBIES_1_255_CA_2_validation,HOBBIES,HOBBIES_1,Zone-C,Bulk-Replenish
HOBBIES_1_255_CA_3_validation,HOBBIES,HOBBIES_1,Zone-C,Bulk-Replenish
HOBBIES_1_255_CA_4_validation,HOBBIES,HOBBIES_1,Zone-C,Bulk-Replenish
HOBBIES_1_255_TX_1_validation,HOBBIES,HOBBIES_1,Zone-C,On-Demand
HOBBIES_1_255_TX_2_validation,HOBBIES,HOBBIES_1,Zone-C,Bulk-Replenish
HOBBIES_1_255_TX_3_validation,HOBBIES,HOBBIES_1,Zone-C,Bulk-Replenish
HOBBIES_1_255_WI_1_validation,HOBBIES,HOBBIES_1,Zone-C,Bulk-Replenish
HOBBIES_1_255_WI_2_validation,HOBBIES,HOBBIES_1,Zone-C,Bulk-Replenish
HOBBIES_1_255_WI_3_validation,HOBBIES,HOBBIES_1,Zone-C,Bulk-Replenish
HOBBIES_1_263_CA_1_validation,HOBBIES,HOBBIES_1,Zone-C,On-Demand
HOBBIES_1_263_CA_2_validation,HOBBIES,HOBBIES_1,Zone-C,On-Demand
HOBBIES_1_263_CA_3_validation,HOBBIES,HOBBIES_1,Zone-C,On-Demand
HOBBIES_1_263_CA_4_validation,HOBBIES,HOBBIES_1,Zone-C,On-Demand
HOBBIES_1_263_TX_1_validation,HOBBIES,HOBBIES_1,Zone-C,On-Demand
HOBBIES_1_263_TX_2_validation,HOBBIES,HOBBIES_1,Zone-C,On-Demand
HOBBIES_1_263_TX_3_validation,HOBBIES,HOBBIES_1,Zone-C,On-Demand
HOBBIES_1_263_WI_1_validation,HOBBIES,HOBBIES_1,Zone-C,On-Demand
HOBBIES_1_263_WI_2_validation,HOBBIES,HOBBIES_1,Zone-C,On-Demand
HOBBIES_1_263_WI_3_validation,HOBBIES,HOBBIES_1,Zone-C,On-Demand
HOBBIES_1_327_CA_1_validation,HOBBIES,HOBBIES_1,Zone-C,On-Demand
HOBBIES_1_327_CA_2_validation,HOBBIES,HOBBIES_1,Zone-C,On-Demand
HOBBIES_1_327_CA_3_validation,HOBBIES,HOBBIES_1,Zone-C,On-Demand
HOBBIES_1_327_CA_4_validation,HOBBIES,HOBBIES_1,Zone-C,On-Demand
HOBBIES_1_327_TX_1_validation,HOBBIES,HOBBIES_1,Zone-C,On-Demand
HOBBIES_1_327_TX_2_validation,HOBBIES,HOBBIES_1,Zone-C,On-Demand
HOBBIES_1_327_TX_3_validation,HOBBIES,HOBBIES_1,Zone-C,On-Demand
HOBBIES_1_327_WI_1_validation,HOBBIES,HOBBIES_1,Zone-C,Standard-Supply
HOBBIES_1_327_WI_2_validation,HOBBIES,HOBBIES_1,Zone-C,On-Demand
HOBBIES_1_327_WI_3_validation,HOBBIES,HOBBIES_1,Zone-C,On-Demand
HOBBIES_1_399_CA_1_validation,HOBBIES,HOBBIES_1,Zone-C,On-Demand
HOBBIES_1_399_CA_2_validation,HOBBIES,HOBBIES_1,Zone-C,On-Demand
HOBBIES_1_399_CA_3_validation,HOBBIES,HOBBIES_1,Zone-C,On-Demand
HOBBIES_1_399_CA_4_validation,HOBBIES,HOBBIES_1,Zone-C,On-Demand
HOBBIES_1_399_TX_1_validation,HOBBIES,HOBBIES_1,Zone-C,On-Demand
HOBBIES_1_399_TX_2_validation,HOBBIES,HOBBIES_1,Zone-C,On-Demand
HOBBIES_1_399_TX_3_validation,HOBBIES,HOBBIES_1,Zone-C,On-Demand
HOBBIES_1_399_WI_1_validation,HOBBIES,HOBBIES_1,Zone-C,On-Demand
HOBBIES_1_399_WI_2_validation,HOBBIES,HOBBIES_1,Zone-C,On-Demand
HOBBIES_1_399_WI_3_validation,HOBBIES,HOBBIES_1,Zone-C,On-Demand
HOBBIES_2_028_CA_1_validation,HOBBIES,HOBBIES_2,Zone-C,Bulk-Replenish
HOBBIES_2_028_CA_2_validation,HOBBIES,HOBBIES_2,Zone-C,Bulk-Replenish
HOBBIES_2_028_CA_3_validation,HOBBIES,HOBBIES_2,Zone-C,Bulk-Replenish
HOBBIES_2_028_CA_4_validation,HOBBIES,HOBBIES_2,Zone-C,Bulk-Replenish
HOBBIES_2_028_TX_1_validation,HOBBIES,HOBBIES_2,Zone-C,On-Demand
HOBBIES_2_028_TX_2_validation,HOBBIES,HOBBIES_2,Zone-C,Bulk-Replenish
HOBBIES_2_028_TX_3_validation,HOBBIES,HOBBIES_2,Zone-C,Bulk-Replenish
HOBBIES_2_028_WI_1_validation,HOBBIES,HOBBIES_2,Zone-C,Bulk-Replenish
HOBBIES_2_028_WI_2_validation,HOBBIES,HOBBIES_2,Zone-C,Bulk-Replenish
HOBBIES_2_028_WI_3_validation,HOBBIES,HOBBIES_2,Zone-C,Bulk-Replenish
HOBBIES_2_071_CA_1_validation,HOBBIES,HOBBIES_2,Zone-C,On-Demand
HOBBIES_2_071_CA_2_validation,HOBBIES,HOBBIES_2,Zone-C,On-Demand
HOBBIES_2_071_CA_3_validation,HOBBIES,HOBBIES_2,Zone-C,On-Demand
HOBBIES_2_071_CA_4_validation,HOBBIES,HOBBIES_2,Zone-C,Bulk-Replenish
HOBBIES_2_071_TX_1_validation,HOBBIES,HOBBIES_2,Zone-C,On-Demand
HOBBIES_2_071_TX_2_validation,HOBBIES,HOBBIES_2,Zone-C,On-Demand
HOBBIES_2_071_TX_3_validation,HOBBIES,HOBBIES_2,Zone-C,On-Demand
HOBBIES_2_071_WI_1_validation,HOBBIES,HOBBIES_2,Zone-C,On-Demand
HOBBIES_2_071_WI_2_validation,HOBBIES,HOBBIES_2,Zone-C,Bulk-Replenish
HOBBIES_2_071_WI_3_validation,HOBBIES,HOBBIES_2,Zone-C,Bulk-Replenish
HOBBIES_2_081_CA_1_validation,HOBBIES,HOBBIES_2,Zone-C,On-Demand
HOBBIES_2_081_CA_2_validation,HOBBIES,HOBBIES_2,Zone-C,On-Demand
HOBBIES_2_081_CA_3_validation,HOBBIES,HOBBIES_2,Zone-C,On-Demand
HOBBIES_2_081_CA_4_validation,HOBBIES,HOBBIES_2,Zone-C,On-Demand
HOBBIES_2_081_TX_1_validation,HOBBIES,HOBBIES_2,Zone-C,On-Demand
HOBBIES_2_081_TX_2_validation,HOBBIES,HOBBIES_2,Zone-C,On-Demand
HOBBIES_2_081_TX_3_validation,HOBBIES,HOBBIES_2,Zone-C,On-Demand
HOBBIES_2_081_WI_1_validation,HOBBIES,HOBBIES_2,Zone-C,Bulk-Replenish
HOBBIES_2_081_WI_2_validation,HOBBIES,HOBBIES_2,Zone-C,Bulk-Replenish
HOBBIES_2_081_WI_3_validation,HOBBIES,HOBBIES_2,Zone-C,On-Demand
HOBBIES_2_108_CA_1_validation,HOBBIES,HOBBIES_2,Zone-C,On-Demand
HOBBIES_2_108_CA_2_validation,HOBBIES,HOBBIES_2,Zone-C,On-Demand
HOBBIES_2_108_CA_3_validation,HOBBIES,HOBBIES_2,Zone-C,On-Demand
HOBBIES_2_108_CA_4_validation,HOBBIES,HOBBIES_2,Zone-C,On-Demand
HOBBIES_2_108_TX_1_validation,HOBBIES,HOBBIES_2,Zone-C,On-Demand
HOBBIES_2_108_TX_2_validation,HOBBIES,HOBBIES_2,Zone-C,On-Demand
HOBBIES_2_108_TX_3_validation,HOBBIES,HOBBIES_2,Zone-C,On-Demand
HOBBIES_2_108_WI_1_validation,HOBBIES,HOBBIES_2,Zone-C,On-Demand
HOBBIES_2_108_WI_2_validation,HOBBIES,HOBBIES_2,Zone-C,On-Demand
HOBBIES_2_108_WI_3_validation,HOBBIES,HOBBIES_2,Zone-C,Inactive
HOBBIES_2_109_CA_1_validation,HOBBIES,HOBBIES_2,Zone-C,On-Demand
HOBBIES_2_109_CA_2_validation,HOBBIES,HOBBIES_2,Zone-C,On-Demand
HOBBIES_2_109_CA_3_validation,HOBBIES,HOBBIES_2,Zone-C,On-Demand
HOBBIES_2_109_CA_4_validation,HOBBIES,HOBBIES_2,Zone-C,On-Demand
HOBBIES_2_109_TX_1_validation,HOBBIES,HOBBIES_2,Zone-C,On-Demand
HOBBIES_2_109_TX_2_validation,HOBBIES,HOBBIES_2,Zone-C,On-Demand
HOBBIES_2_109_TX_3_validation,HOBBIES,HOBBIES_2,Zone-C,On-Demand
HOBBIES_2_109_WI_1_validation,HOBBIES,HOBBIES_2,Zone-C,On-Demand
HOBBIES_2_109_WI_2_validation,HOBBIES,HOBBIES_2,Zone-C,On-Demand
HOBBIES_2_109_WI_3_validation,HOBBIES,HOBBIES_2,Zone-C,On-Demand
HOBBIES_2_123_CA_1_validation,HOBBIES,HOBBIES_2,Zone-C,On-Demand
HOBBIES_2_123_CA_2_validation,HOBBIES,HOBBIES_2,Zone-C,On-Demand
HOBBIES_2_123_CA_3_validation,HOBBIES,HOBBIES_2,Zone-C,On-Demand
HOBBIES_2_123_CA_4_validation,HOBBIES,HOBBIES_2,Zone-C,On-Demand
HOBBIES_2_123_TX_1_validation,HOBBIES,HOBBIES_2,Zone-C,On-Demand
HOBBIES_2_123_TX_2_validation,HOBBIES,HOBBIES_2,Zone-C,On-Demand
HOBBIES_2_123_TX_3_validation,HOBBIES,HOBBIES_2,Zone-C,On-Demand
HOBBIES_2_123_WI_1_validation,HOBBIES,HOBBIES_2,Zone-C,On-Demand
HOBBIES_2_123_WI_2_validation,HOBBIES,HOBBIES_2,Zone-C,On-Demand
HOBBIES_2_123_WI_3_validation,HOBBIES,HOBBIES_2,Zone-C,On-Demand
HOUSEHOLD_1_033_CA_1_validation,HOUSEHOLD,HOUSEHOLD_1,Zone-B,On-Demand
HOUSEHOLD_1_033_CA_2_validation,HOUSEHOLD,HOUSEHOLD_1,Zone-B,On-Demand
HOUSEHOLD_1_033_CA_3_validation,HOUSEHOLD,HOUSEHOLD_1,Zone-B,On-Demand
HOUSEHOLD_1_033_CA_4_validation,HOUSEHOLD,HOUSEHOLD_1,Zone-B,On-Demand
HOUSEHOLD_1_033_TX_1_validation,HOUSEHOLD,HOUSEHOLD_1,Zone-B,On-Demand
HOUSEHOLD_1_033_TX_2_validation,HOUSEHOLD,HOUSEHOLD_1,Zone-B,Bulk-Replenish
HOUSEHOLD_1_033_TX_3_validation,HOUSEHOLD,HOUSEHOLD_1,Zone-B,On-Demand
HOUSEHOLD_1_033_WI_1_validation,HOUSEHOLD,HOUSEHOLD_1,Zone-B,On-Demand
HOUSEHOLD_1_033_WI_2_validation,HOUSEHOLD,HOUSEHOLD_1,Zone-B,On-Demand
HOUSEHOLD_1_033_WI_3_validation,HOUSEHOLD,HOUSEHOLD_1,Zone-B,On-Demand
HOUSEHOLD_1_112_CA_1_validation,HOUSEHOLD,HOUSEHOLD_1,Zone-B,Bulk-Replenish
HOUSEHOLD_1_112_CA_2_validation,HOUSEHOLD,HOUSEHOLD_1,Zone-B,Standard-Supply
HOUSEHOLD_1_112_CA_3_validation,HOUSEHOLD,HOUSEHOLD_1,Zone-B,Standard-Supply
HOUSEHOLD_1_112_CA_4_validation,HOUSEHOLD,HOUSEHOLD_1,Zone-B,On-Demand
HOUSEHOLD_1_112_TX_1_validation,HOUSEHOLD,HOUSEHOLD_1,Zone-B,Bulk-Replenish
HOUSEHOLD_1_112_TX_2_validation,HOUSEHOLD,HOUSEHOLD_1,Zone-B,Bulk-Replenish
HOUSEHOLD_1_112_TX_3_validation,HOUSEHOLD,HOUSEHOLD_1,Zone-B,On-Demand
HOUSEHOLD_1_112_WI_1_validation,HOUSEHOLD,HOUSEHOLD_1,Zone-B,On-Demand
HOUSEHOLD_1_112_WI_2_validation,HOUSEHOLD,HOUSEHOLD_1,Zone-B,On-Demand
HOUSEHOLD_1_112_WI_3_validation,HOUSEHOLD,HOUSEHOLD_1,Zone-B,On-Demand
HOUSEHOLD_1_163_CA_1_validation,HOUSEHOLD,HOUSEHOLD_1,Zone-B,On-Demand
HOUSEHOLD_1_163_CA_2_validation,HOUSEHOLD,HOUSEHOLD_1,Zone-B,On-Demand
HOUSEHOLD_1_163_CA_3_validation,HOUSEHOLD,HOUSEHOLD_1,Zone-B,On-Demand
HOUSEHOLD_1_163_CA_4_validation,HOUSEHOLD,HOUSEHOLD_1,Zone-B,On-Demand
HOUSEHOLD_1_163_TX_1_validation,HOUSEHOLD,HOUSEHOLD_1,Zone-B,Bulk-Replenish
HOUSEHOLD_1_163_TX_2_validation,HOUSEHOLD,HOUSEHOLD_1,Zone-B,On-Demand
HOUSEHOLD_1_163_TX_3_validation,HOUSEHOLD,HOUSEHOLD_1,Zone-B,On-Demand
HOUSEHOLD_1_163_WI_1_validation,HOUSEHOLD,HOUSEHOLD_1,Zone-B,On-Demand
HOUSEHOLD_1_163_WI_2_validation,HOUSEHOLD,HOUSEHOLD_1,Zone-B,On-Demand
HOUSEHOLD_1_163_WI_3_validation,HOUSEHOLD,HOUSEHOLD_1,Zone-B,On-Demand
HOUSEHOLD_1_203_CA_1_validation,HOUSEHOLD,HOUSEHOLD_1,Zone-B,On-Demand
HOUSEHOLD_1_203_CA_2_validation,HOUSEHOLD,HOUSEHOLD_1,Zone-B,Bulk-Replenish
HOUSEHOLD_1_203_CA_3_validation,HOUSEHOLD,HOUSEHOLD_1,Zone-B,On-Demand
HOUSEHOLD_1_203_CA_4_validation,HOUSEHOLD,HOUSEHOLD_1,Zone-B,On-Demand
HOUSEHOLD_1_203_TX_1_validation,HOUSEHOLD,HOUSEHOLD_1,Zone-B,On-Demand
HOUSEHOLD_1_203_TX_2_validation,HOUSEHOLD,HOUSEHOLD_1,Zone-B,On-Demand
HOUSEHOLD_1_203_TX_3_validation,HOUSEHOLD,HOUSEHOLD_1,Zone-B,On-Demand
HOUSEHOLD_1_203_WI_1_validation,HOUSEHOLD,HOUSEHOLD_1,Zone-B,On-Demand
HOUSEHOLD_1_203_WI_2_validation,HOUSEHOLD,HOUSEHOLD_1,Zone-B,On-Demand
HOUSEHOLD_1_203_WI_3_validation,HOUSEHOLD,HOUSEHOLD_1,Zone-B,On-Demand
HOUSEHOLD_1_360_CA_1_validation,HOUSEHOLD,HOUSEHOLD_1,Zone-B,On-Demand
HOUSEHOLD_1_360_CA_2_validation,HOUSEHOLD,HOUSEHOLD_1,Zone-B,On-Demand
HOUSEHOLD_1_360_CA_3_validation,HOUSEHOLD,HOUSEHOLD_1,Zone-B,On-Demand
HOUSEHOLD_1_360_CA_4_validation,HOUSEHOLD,HOUSEHOLD_1,Zone-B,On-Demand
HOUSEHOLD_1_360_TX_1_validation,HOUSEHOLD,HOUSEHOLD_1,Zone-B,On-Demand
HOUSEHOLD_1_360_TX_2_validation,HOUSEHOLD,HOUSEHOLD_1,Zone-B,Bulk-Replenish
HOUSEHOLD_1_360_TX_3_validation,HOUSEHOLD,HOUSEHOLD_1,Zone-B,On-Demand
HOUSEHOLD_1_360_WI_1_validation,HOUSEHOLD,HOUSEHOLD_1,Zone-B,On-Demand
HOUSEHOLD_1_360_WI_2_validation,HOUSEHOLD,HOUSEHOLD_1,Zone-B,On-Demand
HOUSEHOLD_1_360_WI_3_validation,HOUSEHOLD,HOUSEHOLD_1,Zone-B,On-Demand
HOUSEHOLD_1_385_CA_1_validation,HOUSEHOLD,HOUSEHOLD_1,Zone-B,Standard-Supply
HOUSEHOLD_1_385_CA_2_validation,HOUSEHOLD,HOUSEHOLD_1,Zone-B,On-Demand
HOUSEHOLD_1_385_CA_3_validation,HOUSEHOLD,HOUSEHOLD_1,Zone-B,Priority-Supply
HOUSEHOLD_1_385_CA_4_validation,HOUSEHOLD,HOUSEHOLD_1,Zone-B,On-Demand
HOUSEHOLD_1_385_TX_1_validation,HOUSEHOLD,HOUSEHOLD_1,Zone-B,Standard-Supply
HOUSEHOLD_1_385_TX_2_validation,HOUSEHOLD,HOUSEHOLD_1,Zone-B,Standard-Supply
HOUSEHOLD_1_385_TX_3_validation,HOUSEHOLD,HOUSEHOLD_1,Zone-B,Standard-Supply
HOUSEHOLD_1_385_WI_1_validation,HOUSEHOLD,HOUSEHOLD_1,Zone-B,Standard-Supply
HOUSEHOLD_1_385_WI_2_validation,HOUSEHOLD,HOUSEHOLD_1,Zone-B,On-Demand
HOUSEHOLD_1_385_WI_3_validation,HOUSEHOLD,HOUSEHOLD_1,Zone-B,Standard-Supply
HOUSEHOLD_1_434_CA_1_validation,HOUSEHOLD,HOUSEHOLD_1,Zone-B,On-Demand
HOUSEHOLD_1_434_CA_2_validation,HOUSEHOLD,HOUSEHOLD_1,Zone-B,Standard-Supply
HOUSEHOLD_1_434_CA_3_validation,HOUSEHOLD,HOUSEHOLD_1,Zone-B,Standard-Supply
HOUSEHOLD_1_434_CA_4_validation,HOUSEHOLD,HOUSEHOLD_1,Zone-B,On-Demand
HOUSEHOLD_1_434_TX_1_validation,HOUSEHOLD,HOUSEHOLD_1,Zone-B,On-Demand
HOUSEHOLD_1_434_TX_2_validation,HOUSEHOLD,HOUSEHOLD_1,Zone-B,On-Demand
HOUSEHOLD_1_434_TX_3_validation,HOUSEHOLD,HOUSEHOLD_1,Zone-B,On-Demand
HOUSEHOLD_1_434_WI_1_validation,HOUSEHOLD,HOUSEHOLD_1,Zone-B,Bulk-Replenish
HOUSEHOLD_1_434_WI_2_validation,HOUSEHOLD,HOUSEHOLD_1,Zone-B,On-Demand
HOUSEHOLD_1_434_WI_3_validation,HOUSEHOLD,HOUSEHOLD_1,Zone-B,On-Demand
HOUSEHOLD_1_458_CA_1_validation,HOUSEHOLD,HOUSEHOLD_1,Zone-B,On-Demand
HOUSEHOLD_1_458_CA_2_validation,HOUSEHOLD,HOUSEHOLD_1,Zone-B,On-Demand
HOUSEHOLD_1_458_CA_3_validation,HOUSEHOLD,HOUSEHOLD_1,Zone-B,Bulk-Replenish
HOUSEHOLD_1_458_CA_4_validation,HOUSEHOLD,HOUSEHOLD_1,Zone-B,On-Demand
HOUSEHOLD_1_458_TX_1_validation,HOUSEHOLD,HOUSEHOLD_1,Zone-B,Bulk-Replenish
HOUSEHOLD_1_458_TX_2_validation,HOUSEHOLD,HOUSEHOLD_1,Zone-B,Bulk-Replenish
HOUSEHOLD_1_458_TX_3_validation,HOUSEHOLD,HOUSEHOLD_1,Zone-B,Bulk-Replenish
HOUSEHOLD_1_458_WI_1_validation,HOUSEHOLD,HOUSEHOLD_1,Zone-B,On-Demand
HOUSEHOLD_1_458_WI_2_validation,HOUSEHOLD,HOUSEHOLD_1,Zone-B,On-Demand
HOUSEHOLD_1_458_WI_3_validation,HOUSEHOLD,HOUSEHOLD_1,Zone-B,On-Demand
HOUSEHOLD_2_029_CA_1_validation,HOUSEHOLD,HOUSEHOLD_2,Zone-B,On-Demand
HOUSEHOLD_2_029_CA_2_validation,HOUSEHOLD,HOUSEHOLD_2,Zone-B,On-Demand
HOUSEHOLD_2_029_CA_3_validation,HOUSEHOLD,HOUSEHOLD_2,Zone-B,On-Demand
HOUSEHOLD_2_029_CA_4_validation,HOUSEHOLD,HOUSEHOLD_2,Zone-B,On-Demand
HOUSEHOLD_2_029_TX_1_validation,HOUSEHOLD,HOUSEHOLD_2,Zone-B,On-Demand
HOUSEHOLD_2_029_TX_2_validation,HOUSEHOLD,HOUSEHOLD_2,Zone-B,On-Demand
HOUSEHOLD_2_029_TX_3_validation,HOUSEHOLD,HOUSEHOLD_2,Zone-B,On-Demand
HOUSEHOLD_2_029_WI_1_validation,HOUSEHOLD,HOUSEHOLD_2,Zone-B,On-Demand
HOUSEHOLD_2_029_WI_2_validation,HOUSEHOLD,HOUSEHOLD_2,Zone-B,On-Demand
HOUSEHOLD_2_029_WI_3_validation,HOUSEHOLD,HOUSEHOLD_2,Zone-B,On-Demand
HOUSEHOLD_2_180_CA_1_validation,HOUSEHOLD,HOUSEHOLD_2,Zone-B,On-Demand
HOUSEHOLD_2_180_CA_2_validation,HOUSEHOLD,HOUSEHOLD_2,Zone-B,Bulk-Replenish
HOUSEHOLD_2_180_CA_3_validation,HOUSEHOLD,HOUSEHOLD_2,Zone-B,Bulk-Replenish
HOUSEHOLD_2_180_CA_4_validation,HOUSEHOLD,HOUSEHOLD_2,Zone-B,On-Demand
HOUSEHOLD_2_180_TX_1_validation,HOUSEHOLD,HOUSEHOLD_2,Zone-B,On-Demand
HOUSEHOLD_2_180_TX_2_validation,HOUSEHOLD,HOUSEHOLD_2,Zone-B,Bulk-Replenish
HOUSEHOLD_2_180_TX_3_validation,HOUSEHOLD,HOUSEHOLD_2,Zone-B,Bulk-Replenish
HOUSEHOLD_2_180_WI_1_validation,HOUSEHOLD,HOUSEHOLD_2,Zone-B,Bulk-Replenish
HOUSEHOLD_2_180_WI_2_validation,HOUSEHOLD,HOUSEHOLD_2,Zone-B,On-Demand
HOUSEHOLD_2_180_WI_3_validation,HOUSEHOLD,HOUSEHOLD_2,Zone-B,On-Demand
HOUSEHOLD_2_235_CA_1_validation,HOUSEHOLD,HOUSEHOLD_2,Zone-B,On-Demand
HOUSEHOLD_2_235_CA_2_validation,HOUSEHOLD,HOUSEHOLD_2,Zone-B,On-Demand
HOUSEHOLD_2_235_CA_3_validation,HOUSEHOLD,HOUSEHOLD_2,Zone-B,On-Demand
HOUSEHOLD_2_235_CA_4_validation,HOUSEHOLD,HOUSEHOLD_2,Zone-B,On-Demand
HOUSEHOLD_2_235_TX_1_validation,HOUSEHOLD,HOUSEHOLD_2,Zone-B,On-Demand
HOUSEHOLD_2_235_TX_2_validation,HOUSEHOLD,HOUSEHOLD_2,Zone-B,On-Demand
HOUSEHOLD_2_235_TX_3_validation,HOUSEHOLD,HOUSEHOLD_2,Zone-B,On-Demand
HOUSEHOLD_2_235_WI_1_validation,HOUSEHOLD,HOUSEHOLD_2,Zone-B,On-Demand
HOUSEHOLD_2_235_WI_2_validation,HOUSEHOLD,HOUSEHOLD_2,Zone-B,Bulk-Replenish
HOUSEHOLD_2_235_WI_3_validation,HOUSEHOLD,HOUSEHOLD_2,Zone-B,On-Demand
HOUSEHOLD_2_259_CA_1_validation,HOUSEHOLD,HOUSEHOLD_2,Zone-B,On-Demand
HOUSEHOLD_2_259_CA_2_validation,HOUSEHOLD,HOUSEHOLD_2,Zone-B,On-Demand
HOUSEHOLD_2_259_CA_3_validation,HOUSEHOLD,HOUSEHOLD_2,Zone-B,On-Demand
HOUSEHOLD_2_259_CA_4_validation,HOUSEHOLD,HOUSEHOLD_2,Zone-B,On-Demand
HOUSEHOLD_2_259_TX_1_validation,HOUSEHOLD,HOUSEHOLD_2,Zone-B,On-Demand
HOUSEHOLD_2_259_TX_2_validation,HOUSEHOLD,HOUSEHOLD_2,Zone-B,On-Demand
HOUSEHOLD_2_259_TX_3_validation,HOUSEHOLD,HOUSEHOLD_2,Zone-B,On-Demand
HOUSEHOLD_2_259_WI_1_validation,HOUSEHOLD,HOUSEHOLD_2,Zone-B,On-Demand
HOUSEHOLD_2_259_WI_2_validation,HOUSEHOLD,HOUSEHOLD_2,Zone-B,On-Demand
HOUSEHOLD_2_259_WI_3_validation,HOUSEHOLD,HOUSEHOLD_2,Zone-B,On-Demand
HOUSEHOLD_2_344_CA_1_validation,HOUSEHOLD,HOUSEHOLD_2,Zone-B,On-Demand
HOUSEHOLD_2_344_CA_2_validation,HOUSEHOLD,HOUSEHOLD_2,Zone-B,On-Demand
HOUSEHOLD_2_344_CA_3_validation,HOUSEHOLD,HOUSEHOLD_2,Zone-B,On-Demand
HOUSEHOLD_2_344_CA_4_validation,HOUSEHOLD,HOUSEHOLD_2,Zone-B,On-Demand
HOUSEHOLD_2_344_TX_1_validation,HOUSEHOLD,HOUSEHOLD_2,Zone-B,On-Demand
HOUSEHOLD_2_344_TX_2_validation,HOUSEHOLD,HOUSEHOLD_2,Zone-B,Bulk-Replenish
HOUSEHOLD_2_344_TX_3_validation,HOUSEHOLD,HOUSEHOLD_2,Zone-B,On-Demand
HOUSEHOLD_2_344_WI_1_validation,HOUSEHOLD,HOUSEHOLD_2,Zone-B,On-Demand
HOUSEHOLD_2_344_WI_2_validation,HOUSEHOLD,HOUSEHOLD_2,Zone-B,On-Demand
HOUSEHOLD_2_344_WI_3_validation,HOUSEHOLD,HOUSEHOLD_2,Zone-B,On-Demand
HOUSEHOLD_2_450_CA_1_validation,HOUSEHOLD,HOUSEHOLD_2,Zone-B,On-Demand
HOUSEHOLD_2_450_CA_2_validation,HOUSEHOLD,HOUSEHOLD_2,Zone-B,On-Demand
HOUSEHOLD_2_450_CA_3_validation,HOUSEHOLD,HOUSEHOLD_2,Zone-B,On-Demand
HOUSEHOLD_2_450_CA_4_validation,HOUSEHOLD,HOUSEHOLD_2,Zone-B,On-Demand
HOUSEHOLD_2_450_TX_1_validation,HOUSEHOLD,HOUSEHOLD_2,Zone-B,On-Demand
HOUSEHOLD_2_450_TX_2_validation,HOUSEHOLD,HOUSEHOLD_2,Zone-B,On-Demand
HOUSEHOLD_2_450_TX_3_validation,HOUSEHOLD,HOUSEHOLD_2,Zone-B,On-Demand
HOUSEHOLD_2_450_WI_1_validation,HOUSEHOLD,HOUSEHOLD_2,Zone-B,On-Demand
HOUSEHOLD_2_450_WI_2_validation,HOUSEHOLD,HOUSEHOLD_2,Zone-B,On-Demand
HOUSEHOLD_2_450_WI_3_validation,HOUSEHOLD,HOUSEHOLD_2,Zone-B,On-Demand
HOUSEHOLD_2_462_CA_1_validation,HOUSEHOLD,HOUSEHOLD_2,Zone-B,On-Demand
HOUSEHOLD_2_462_CA_2_validation,HOUSEHOLD,HOUSEHOLD_2,Zone-B,On-Demand
HOUSEHOLD_2_462_CA_3_validation,HOUSEHOLD,HOUSEHOLD_2,Zone-B,On-Demand
HOUSEHOLD_2_462_CA_4_validation,HOUSEHOLD,HOUSEHOLD_2,Zone-B,On-Demand
HOUSEHOLD_2_462_TX_1_validation,HOUSEHOLD,HOUSEHOLD_2,Zone-B,On-Demand
HOUSEHOLD_2_462_TX_2_validation,HOUSEHOLD,HOUSEHOLD_2,Zone-B,On-Demand
HOUSEHOLD_2_462_TX_3_validation,HOUSEHOLD,HOUSEHOLD_2,Zone-B,On-Demand
HOUSEHOLD_2_462_WI_1_validation,HOUSEHOLD,HOUSEHOLD_2,Zone-B,On-Demand
HOUSEHOLD_2_462_WI_2_validation,HOUSEHOLD,HOUSEHOLD_2,Zone-B,On-Demand
HOUSEHOLD_2_462_WI_3_validation,HOUSEHOLD,HOUSEHOLD_2,Zone-B,On-Demand
HOUSEHOLD_2_490_CA_1_validation,HOUSEHOLD,HOUSEHOLD_2,Zone-B,On-Demand
HOUSEHOLD_2_490_CA_2_validation,HOUSEHOLD,HOUSEHOLD_2,Zone-B,Standard-Supply
HOUSEHOLD_2_490_CA_3_validation,HOUSEHOLD,HOUSEHOLD_2,Zone-B,Standard-Supply
HOUSEHOLD_2_490_CA_4_validation,HOUSEHOLD,HOUSEHOLD_2,Zone-B,On-Demand
HOUSEHOLD_2_490_TX_1_validation,HOUSEHOLD,HOUSEHOLD_2,Zone-B,On-Demand
HOUSEHOLD_2_490_TX_2_validation,HOUSEHOLD,HOUSEHOLD_2,Zone-B,On-Demand
HOUSEHOLD_2_490_TX_3_validation,HOUSEHOLD,HOUSEHOLD_2,Zone-B,Standard-Supply
HOUSEHOLD_2_490_WI_1_validation,HOUSEHOLD,HOUSEHOLD_2,Zone-B,On-Demand
HOUSEHOLD_2_490_WI_2_validation,HOUSEHOLD,HOUSEHOLD_2,Zone-B,On-Demand
HOUSEHOLD_2_490_WI_3_validation,HOUSEHOLD,HOUSEHOLD_2,Zone-B,On-Demand
