sku_id,store_id,current_stock,safety_stock,reorder_point
FOODS_2_044_CA_1_validation,CA_1,6,5.25,13.46
FOODS_2_044_CA_2_validation,CA_2,5,6.2,12.85
FOODS_2_044_CA_3_validation,CA_3,5,5.46,12.0
FOODS_2_044_CA_4_validation,CA_4,3,4.5,8.8
FOODS_2_044_TX_1_validation,TX_1,5,12.5,20.06
FOODS_2_044_TX_2_validation,TX_2,3,5.02,9.34
FOODS_2_044_TX_3_validation,TX_3,7,6.65,16.56
FOODS_2_044_WI_1_validation,WI_1,12,7.74,25.21
FOODS_2_044_WI_2_validation,WI_2,14,13.6,32.62
FOODS_2_044_WI_3_validation,WI_3,5,5.26,12.29
FOODS_2_059_CA_1_validation,CA_1,4,6.26,11.66
FOODS_2_059_CA_2_validation,CA_2,9,6.56,18.68
FOODS_2_059_CA_3_validation,CA_3,26,9.51,46.25
FOODS_2_059_CA_4_validation,CA_4,8,5.35,16.59
FOODS_2_059_TX_1_validation,TX_1,12,6.66,24.06
FOODS_2_059_TX_2_validation,TX_2,12,9.46,26.86
FOODS_2_059_TX_3_validation,TX_3,11,9.36,24.3
FOODS_2_059_WI_1_validation,WI_1,10,6.02,20.68
FOODS_2_059_WI_2_validation,WI_2,21,12.3,42.01
FOODS_2_059_WI_3_validation,WI_3,10,6.5,20.27
FOODS_2_102_CA_1_validation,CA_1,5,5.91,13.41
FOODS_2_102_CA_2_validation,CA_2,6,4.1,11.95
FOODS_2_102_CA_3_validation,CA_3,6,6.26,14.95
FOODS_2_102_CA_4_validation,CA_4,2,3.36,6.76
FOODS_2_102_TX_1_validation,TX_1,2,2.6,5.97
FOODS_2_102_TX_2_validation,TX_2,1,2.86,4.63
FOODS_2_102_TX_3_validation,TX_3,3,2.82,7.33
FOODS_2_102_WI_1_validation,WI_1,1,2.24,3.55
FOODS_2_102_WI_2_validation,WI_2,3,3.74,8.02
FOODS_2_102_WI_3_validation,WI_3,2,2.96,5.06
FOODS_2_147_CA_1_validation,CA_1,4,4.46,10.0
FOODS_2_147_CA_2_validation,CA_2,4,3.7,9.15
FOODS_2_147_CA_3_validation,CA_3,4,4.27,9.53
FOODS_2_147_CA_4_validation,CA_4,4,4.01,9.47
FOODS_2_147_TX_1_validation,TX_1,1,2.17,4.05
FOODS_2_147_TX_2_validation,TX_2,1,2.47,4.4
FOODS_2_147_TX_3_validation,TX_3,2,2.74,5.09
FOODS_2_147_WI_1_validation,WI_1,3,4.96,9.48
FOODS_2_147_WI_2_validation,WI_2,6,5.06,13.86
FOODS_2_147_WI_3_validation,WI_3,2,2.45,5.26
FOODS_2_380_CA_1_validation,CA_1,6,13.77,22.31
FOODS_2_380_CA_2_validation,CA_2,14,14.78,33.72
FOODS_2_380_CA_3_validation,CA_3,35,23.9,72.77
FOODS_2_380_CA_4_validation,CA_4,9,9.83,22.14
FOODS_2_380_TX_1_validation,TX_1,11,15.45,31.36
FOODS_2_380_TX_2_validation,TX_2,9,15.21,28.48
FOODS_2_380_TX_3_validation,TX_3,16,16.26,39.01
FOODS_2_380_WI_1_validation,WI_1,22,14.03,44.46
FOODS_2_380_WI_2_validation,WI_2,45,21.46,84.98
FOODS_2_380_WI_3_validation,WI_3,24,18.62,52.6
FOODS_3_017_CA_1_validation,CA_1,1,1.74,2.56
FOODS_3_017_CA_2_validation,CA_2,1,1.68,3.78
FOODS_3_017_CA_3_validation,CA_3,1,2.42,3.66
FOODS_3_017_CA_4_validation,CA_4,0,1.15,1.66
FOODS_3_017_TX_1_validation,TX_1,1,1.66,2.59
FOODS_3_017_TX_2_validation,TX_2,1,1.78,3.08
FOODS_3_017_TX_3_validation,TX_3,0,1.34,1.97
FOODS_3_017_WI_1_validation,WI_1,1,1.63,3.04
FOODS_3_017_WI_2_validation,WI_2,2,2.33,5.36
FOODS_3_017_WI_3_validation,WI_3,2,2.3,4.6
FOODS_3_093_CA_1_validation,CA_1,7,5.99,15.36
FOODS_3_093_CA_2_validation,CA_2,10,3.46,16.81
FOODS_3_093_CA_3_validation,CA_3,13,18.93,37.6
FOODS_3_093_CA_4_validation,CA_4,3,3.08,7.73
FOODS_3_093_TX_1_validation,TX_1,17,30.47,53.97
FOODS_3_093_TX_2_validation,TX_2,24,20.16,53.36
FOODS_3_093_TX_3_validation,TX_3,17,14.64,38.31
FOODS_3_093_WI_1_validation,WI_1,8,3.79,14.51
FOODS_3_093_WI_2_validation,WI_2,46,15.43,79.84
FOODS_3_093_WI_3_validation,WI_3,8,17.79,28.58
FOODS_3_131_CA_1_validation,CA_1,12,12.44,29.89
FOODS_3_131_CA_2_validation,CA_2,9,10.6,22.69
FOODS_3_131_CA_3_validation,CA_3,21,17.81,47.04
FOODS_3_131_CA_4_validation,CA_4,5,8.43,16.08
FOODS_3_131_TX_1_validation,TX_1,8,10.11,21.28
FOODS_3_131_TX_2_validation,TX_2,9,10.94,24.18
FOODS_3_131_TX_3_validation,TX_3,10,9.37,23.96
FOODS_3_131_WI_1_validation,WI_1,21,14.33,44.04
FOODS_3_131_WI_2_validation,WI_2,12,12.7,28.87
FOODS_3_131_WI_3_validation,WI_3,13,22.96,40.9
FOODS_3_142_CA_1_validation,CA_1,15,8.71,29.81
FOODS_3_142_CA_2_validation,CA_2,19,21.2,47.77
FOODS_3_142_CA_3_validation,CA_3,23,14.37,45.96
FOODS_3_142_CA_4_validation,CA_4,4,5.83,10.91
FOODS_3_142_TX_1_validation,TX_1,1,3.55,5.01
FOODS_3_142_TX_2_validation,TX_2,3,5.02,9.45
FOODS_3_142_TX_3_validation,TX_3,2,3.23,5.55
FOODS_3_142_WI_1_validation,WI_1,7,6.05,15.92
FOODS_3_142_WI_2_validation,WI_2,7,5.0,14.71
FOODS_3_142_WI_3_validation,WI_3,4,5.4,11.08
FOODS_3_150_CA_1_validation,CA_1,28,30.31,69.91
FOODS_3_150_CA_2_validation,CA_2,27,32.47,70.92
FOODS_3_150_CA_3_validation,CA_3,42,64.8,122.9
FOODS_3_150_CA_4_validation,CA_4,21,11.18,40.13
FOODS_3_150_TX_1_validation,TX_1,52,37.66,110.25
FOODS_3_150_TX_2_validation,TX_2,40,61.96,117.61
FOODS_3_150_TX_3_validation,TX_3,56,52.34,130.78
FOODS_3_150_WI_1_validation,WI_1,33,16.17,62.15
FOODS_3_150_WI_2_validation,WI_2,109,55.77,208.45
FOODS_3_150_WI_3_validation,WI_3,52,63.48,136.7
FOODS_3_288_CA_1_validation,CA_1,79,46.95,157.48
FOODS_3_288_CA_2_validation,CA_2,148,67.0,274.66
FOODS_3_288_CA_3_validation,CA_3,169,81.11,318.24
FOODS_3_288_CA_4_validation,CA_4,45,19.29,82.1
FOODS_3_288_TX_1_validation,TX_1,66,41.99,134.0
FOODS_3_288_TX_2_validation,TX_2,41,42.24,99.55
FOODS_3_288_TX_3_validation,TX_3,29,22.74,63.55
FOODS_3_288_WI_1_validation,WI_1,41,26.63,84.14
FOODS_3_288_WI_2_validation,WI_2,54,51.22,127.18
FOODS_3_288_WI_3_validation,WI_3,32,30.7,76.17
FOODS_3_293_CA_1_validation,CA_1,1,5.59,7.01
FOODS_3_293_CA_2_validation,CA_2,1,5.31,7.02
FOODS_3_293_CA_3_validation,CA_3,2,7.97,11.24
FOODS_3_293_CA_4_validation,CA_4,1,4.35,5.41
FOODS_3_293_TX_1_validation,TX_1,0,3.1,3.75
FOODS_3_293_TX_2_validation,TX_2,2,4.17,6.59
FOODS_3_293_TX_3_validation,TX_3,1,3.06,4.73
FOODS_3_293_WI_1_validation,WI_1,1,3.21,5.21
FOODS_3_293_WI_2_validation,WI_2,2,3.87,7.08
FOODS_3_293_WI_3_validation,WI_3,3,5.32,8.99
FOODS_3_296_CA_1_validation,CA_1,2,3.3,6.17
FOODS_3_296_CA_2_validation,CA_2,9,8.51,21.51
FOODS_3_296_CA_3_validation,CA_3,5,5.34,12.55
FOODS_3_296_CA_4_validation,CA_4,4,4.07,9.07
FOODS_3_296_TX_1_validation,TX_1,1,3.52,4.78
FOODS_3_296_TX_2_validation,TX_2,6,6.23,14.55
FOODS_3_296_TX_3_validation,TX_3,4,4.42,9.49
FOODS_3_296_WI_1_validation,WI_1,8,5.12,15.63
FOODS_3_296_WI_2_validation,WI_2,9,14.18,26.35
FOODS_3_296_WI_3_validation,WI_3,5,2.89,9.52
FOODS_3_420_CA_1_validation,CA_1,3,3.91,7.6
FOODS_3_420_CA_2_validation,CA_2,2,4.62,6.85
FOODS_3_420_CA_3_validation,CA_3,2,4.25,7.14
FOODS_3_420_CA_4_validation,CA_4,1,2.98,5.08
FOODS_3_420_TX_1_validation,TX_1,1,4.04,5.38
FOODS_3_420_TX_2_validation,TX_2,3,6.7,10.77
FOODS_3_420_TX_3_validation,TX_3,2,4.98,7.16
FOODS_3_420_WI_1_validation,WI_1,2,3.45,5.96
FOODS_3_420_WI_2_validation,WI_2,2,3.02,6.02
FOODS_3_420_WI_3_validation,WI_3,1,4.27,5.86
FOODS_3_525_CA_1_validation,CA_1,15,8.12,28.96
FOODS_3_525_CA_2_validation,CA_2,13,7.5,25.06
FOODS_3_525_CA_3_validation,CA_3,11,13.13,29.14
FOODS_3_525_CA_4_validation,CA_4,6,5.76,13.53
FOODS_3_525_TX_1_validation,TX_1,12,5.93,22.92
FOODS_3_525_TX_2_validation,TX_2,11,7.07,22.52
FOODS_3_525_TX_3_validation,TX_3,11,6.43,21.36
FOODS_3_525_WI_1_validation,WI_1,7,8.25,17.63
FOODS_3_525_WI_2_validation,WI_2,13,11.28,29.48
FOODS_3_525_WI_3_validation,WI_3,26,9.11,45.06
FOODS_3_764_CA_1_validation,CA_1,34,41.53,89.1
FOODS_3_764_CA_2_validation,CA_2,32,26.72,71.44
FOODS_3_764_CA_3_validation,CA_3,66,64.71,156.49
FOODS_3_764_CA_4_validation,CA_4,10,16.32,30.58
FOODS_3_764_TX_1_validation,TX_1,29,28.41,69.57
FOODS_3_764_TX_2_validation,TX_2,30,34.6,77.01
FOODS_3_764_TX_3_validation,TX_3,11,23.52,39.43
FOODS_3_764_WI_1_validation,WI_1,30,23.38,65.41
FOODS_3_764_WI_2_validation,WI_2,13,29.42,47.18
FOODS_3_764_WI_3_validation,WI_3,29,36.33,76.83
HOBBIES_1_085_CA_1_validation,CA_1,7,4.72,15.04
HOBBIES_1_085_CA_2_validation,CA_2,2,2.67,5.5
HOBBIES_1_085_CA_3_validation,CA_3,4,3.4,9.63
HOBBIES_1_085_CA_4_validation,CA_4,4,3.5,8.64
HOBBIES_1_085_TX_1_validation,TX_1,3,2.47,6.28
HOBBIES_1_085_TX_2_validation,TX_2,1,2.05,3.88
HOBBIES_1_085_TX_3_validation,TX_3,2,2.61,4.84
HOBBIES_1_085_WI_1_validation,WI_1,2,2.86,5.93
HOBBIES_1_085_WI_2_validation,WI_2,2,1.81,4.36
HOBBIES_1_085_WI_3_validation,WI_3,1,2.09,3.59
HOBBIES_1_153_CA_1_validation,CA_1,6,5.43,14.06
HOBBIES_1_153_CA_2_validation,CA_2,7,5.61,14.74
HOBBIES_1_153_CA_3_validation,CA_3,5,5.8,13.39
HOBBIES_1_153_CA_4_validation,CA_4,6,4.16,11.93
HOBBIES_1_153_TX_1_validation,TX_1,7,5.47,15.45
HOBBIES_1_153_TX_2_validation,TX_2,7,8.19,17.99
HOBBIES_1_153_TX_3_validation,TX_3,2,4.34,7.01
HOBBIES_1_153_WI_1_validation,WI_1,14,11.9,31.7
HOBBIES_1_153_WI_2_validation,WI_2,6,5.64,13.78
HOBBIES_1_153_WI_3_validation,WI_3,6,7.46,15.34
HOBBIES_1_158_CA_1_validation,CA_1,17,9.92,33.6
HOBBIES_1_158_CA_2_validation,CA_2,8,3.68,14.94
HOBBIES_1_158_CA_3_validation,CA_3,17,8.49,31.77
HOBBIES_1_158_CA_4_validation,CA_4,4,3.59,9.43
HOBBIES_1_158_TX_1_validation,TX_1,24,9.12,43.12
HOBBIES_1_158_TX_2_validation,TX_2,32,16.16,60.56
HOBBIES_1_158_TX_3_validation,TX_3,93,37.22,167.93
HOBBIES_1_158_WI_1_validation,WI_1,11,6.52,22.18
HOBBIES_1_158_WI_2_validation,WI_2,21,7.56,37.43
HOBBIES_1_158_WI_3_validation,WI_3,10,6.28,19.93
HOBBIES_1_202_CA_1_validation,CA_1,3,6.82,11.22
HOBBIES_1_202_CA_2_validation,CA_2,3,7.54,11.12
HOBBIES_1_202_CA_3_validation,CA_3,3,6.48,10.11
HOBBIES_1_202_CA_4_validation,CA_4,2,7.73,10.89
HOBBIES_1_202_TX_1_validation,TX_1,2,6.29,9.48
HOBBIES_1_202_TX_2_validation,TX_2,1,6.1,8.06
HOBBIES_1_202_TX_3_validation,TX_3,2,3.7,5.94
HOBBIES_1_202_WI_1_validation,WI_1,4,7.55,12.71
HOBBIES_1_202_WI_2_validation,WI_2,1,4.66,6.32
HOBBIES_1_202_WI_3_validation,WI_3,1,5.62,7.39
HOBBIES_1_230_CA_1_validation,CA_1,1,1.33,2.3
HOBBIES_1_230_CA_2_validation,CA_2,1,0.9,1.73
HOBBIES_1_230_CA_3_validation,CA_3,1,1.05,1.97
HOBBIES_1_230_CA_4_validation,CA_4,0,1.0,1.63
HOBBIES_1_230_TX_1_validation,TX_1,0,1.0,1.53
HOBBIES_1_230_TX_2_validation,TX_2,1,1.67,2.75
HOBBIES_1_230_TX_3_validation,TX_3,1,1.78,3.23
HOBBIES_1_230_WI_1_validation,WI_1,0,1.02,1.56
HOBBIES_1_230_WI_2_validation,WI_2,1,1.02,2.16
HOBBIES_1_230_WI_3_validation,WI_3,0,1.07,1.49
HOBBIES_1_242_CA_1_validation,CA_1,6,7.12,15.22
HOBBIES_1_242_CA_2_validation,CA_2,4,7.44,13.48
HOBBIES_1_242_CA_3_validation,CA_3,8,8.36,19.7
HOBBIES_1_242_CA_4_validation,CA_4,4,4.66,10.56
HOBBIES_1_242_TX_1_validation,TX_1,4,4.33,10.37
HOBBIES_1_242_TX_2_validation,TX_2,4,4.26,9.56
HOBBIES_1_242_TX_3_validation,TX_3,2,3.16,6.59
HOBBIES_1_242_WI_1_validation,WI_1,6,5.98,14.02
HOBBIES_1_242_WI_2_validation,WI_2,1,2.08,3.44
HOBBIES_1_242_WI_3_validation,WI_3,3,3.8,7.35
HOBBIES_1_255_CA_1_validation,CA_1,2,4.55,7.93
HOBBIES_1_255_CA_2_validation,CA_2,4,4.24,9.26
HOBBIES_1_255_CA_3_validation,CA_3,3,4.26,8.3
HOBBIES_1_255_CA_4_validation,CA_4,5,6.3,13.39
HOBBIES_1_255_TX_1_validation,TX_1,2,2.32,4.93
HOBBIES_1_255_TX_2_validation,TX_2,3,3.95,8.17
HOBBIES_1_255_TX_3_validation,TX_3,1,3.48,5.44
HOBBIES_1_255_WI_1_validation,WI_1,3,4.57,9.36
HOBBIES_1_255_WI_2_validation,WI_2,1,2.77,3.71
HOBBIES_1_255_WI_3_validation,WI_3,5,3.99,11.0
HOBBIES_1_263_CA_1_validation,CA_1,1,1.67,2.81
HOBBIES_1_263_CA_2_validation,CA_2,1,1.02,1.9
HOBBIES_1_263_CA_3_validation,CA_3,1,1.04,2.4
HOBBIES_1_263_CA_4_validation,CA_4,1,1.16,2.43
HOBBIES_1_263_TX_1_validation,TX_1,1,0.91,1.71
HOBBIES_1_263_TX_2_validation,TX_2,1,1.12,2.45
HOBBIES_1_263_TX_3_validation,TX_3,1,1.04,2.93
HOBBIES_1_263_WI_1_validation,WI_1,1,1.67,3.21
HOBBIES_1_263_WI_2_validation,WI_2,1,0.79,1.53
HOBBIES_1_263_WI_3_validation,WI_3,0,1.07,1.69
HOBBIES_1_327_CA_1_validation,CA_1,3,3.79,8.05
HOBBIES_1_327_CA_2_validation,CA_2,2,2.21,5.51
HOBBIES_1_327_CA_3_validation,CA_3,4,2.87,8.07
HOBBIES_1_327_CA_4_validation,CA_4,2,3.01,6.0
HOBBIES_1_327_TX_1_validation,TX_1,2,2.03,4.88
HOBBIES_1_327_TX_2_validation,TX_2,2,2.93,6.35
HOBBIES_1_327_TX_3_validation,TX_3,4,2.21,7.29
HOBBIES_1_327_WI_1_validation,WI_1,7,4.85,14.94
HOBBIES_1_327_WI_2_validation,WI_2,2,3.14,6.25
HOBBIES_1_327_WI_3_validation,WI_3,3,2.84,7.56
HOBBIES_1_399_CA_1_validation,CA_1,3,2.77,6.8
HOBBIES_1_399_CA_2_validation,CA_2,1,2.25,4.18
HOBBIES_1_399_CA_3_validation,CA_3,1,2.38,4.48
HOBBIES_1_399_CA_4_validation,CA_4,1,2.24,4.0
HOBBIES_1_399_TX_1_validation,TX_1,0,1.33,1.95
HOBBIES_1_399_TX_2_validation,TX_2,1,1.84,2.87
HOBBIES_1_399_TX_3_validation,TX_3,1,1.43,2.23
HOBBIES_1_399_WI_1_validation,WI_1,2,3.88,6.97
HOBBIES_1_399_WI_2_validation,WI_2,1,2.41,4.18
HOBBIES_1_399_WI_3_validation,WI_3,2,2.27,4.5
HOBBIES_2_028_CA_1_validation,CA_1,2,3.55,6.46
HOBBIES_2_028_CA_2_validation,CA_2,1,2.59,4.58
HOBBIES_2_028_CA_3_validation,CA_3,3,4.25,8.44
HOBBIES_2_028_CA_4_validation,CA_4,1,2.23,3.99
HOBBIES_2_028_TX_1_validation,TX_1,1,2.06,4.06
HOBBIES_2_028_TX_2_validation,TX_2,4,4.91,10.16
HOBBIES_2_028_TX_3_validation,TX_3,3,4.06,8.26
HOBBIES_2_028_WI_1_validation,WI_1,1,2.7,4.57
HOBBIES_2_028_WI_2_validation,WI_2,2,3.76,7.25
HOBBIES_2_028_WI_3_validation,WI_3,1,2.31,3.94
HOBBIES_2_071_CA_1_validation,CA_1,1,1.63,2.56
HOBBIES_2_071_CA_2_validation,CA_2,1,2.35,4.05
HOBBIES_2_071_CA_3_validation,CA_3,1,2.36,4.23
HOBBIES_2_071_CA_4_validation,CA_4,0,1.85,2.47
HOBBIES_2_071_TX_1_validation,TX_1,2,2.34,5.06
HOBBIES_2_071_TX_2_validation,TX_2,2,2.6,5.25
HOBBIES_2_071_TX_3_validation,TX_3,2,2.54,5.11
HOBBIES_2_071_WI_1_validation,WI_1,1,1.8,3.09
HOBBIES_2_071_WI_2_validation,WI_2,1,1.84,3.36
HOBBIES_2_071_WI_3_validation,WI_3,4,2.66,8.22
HOBBIES_2_081_CA_1_validation,CA_1,1,1.36,2.18
HOBBIES_2_081_CA_2_validation,CA_2,1,1.88,3.35
HOBBIES_2_081_CA_3_validation,CA_3,1,1.95,3.03
HOBBIES_2_081_CA_4_validation,CA_4,1,1.41,2.29
HOBBIES_2_081_TX_1_validation,TX_1,1,2.23,3.32
HOBBIES_2_081_TX_2_validation,TX_2,3,3.13,6.84
HOBBIES_2_081_TX_3_validation,TX_3,3,2.33,5.97
HOBBIES_2_081_WI_1_validation,WI_1,1,2.04,3.04
HOBBIES_2_081_WI_2_validation,WI_2,1,2.41,3.62
HOBBIES_2_081_WI_3_validation,WI_3,1,1.48,2.78
HOBBIES_2_108_CA_1_validation,CA_1,0,1.35,1.7
HOBBIES_2_108_CA_2_validation,CA_2,1,1.33,2.6
HOBBIES_2_108_CA_3_validation,CA_3,1,1.53,2.7
HOBBIES_2_108_CA_4_validation,CA_4,0,1.27,1.83
HOBBIES_2_108_TX_1_validation,TX_1,1,1.5,2.27
HOBBIES_2_108_TX_2_validation,TX_2,1,1.42,2.34
HOBBIES_2_108_TX_3_validation,TX_3,0,1.62,2.16
HOBBIES_2_108_WI_1_validation,WI_1,1,1.59,2.47
HOBBIES_2_108_WI_2_validation,WI_2,0,1.14,1.72
HOBBIES_2_108_WI_3_validation,WI_3,0,0.77,0.77
HOBBIES_2_109_CA_1_validation,CA_1,2,2.08,4.83
HOBBIES_2_109_CA_2_validation,CA_2,2,2.19,4.71
HOBBIES_2_109_CA_3_validation,CA_3,2,3.06,5.84
HOBBIES_2_109_CA_4_validation,CA_4,1,1.86,3.4
HOBBIES_2_109_TX_1_validation,TX_1,1,2.05,3.18
HOBBIES_2_109_TX_2_validation,TX_2,3,2.5,6.28
HOBBIES_2_109_TX_3_validation,TX_3,2,2.02,4.85
HOBBIES_2_109_WI_1_validation,WI_1,1,2.29,4.35
HOBBIES_2_109_WI_2_validation,WI_2,1,1.54,2.32
HOBBIES_2_109_WI_3_validation,WI_3,3,2.15,6.02
HOBBIES_2_123_CA_1_validation,CA_1,1,1.47,2.33
HOBBIES_2_123_CA_2_validation,CA_2,1,1.74,3.11
HOBBIES_2_123_CA_3_validation,CA_3,2,2.13,5.15
HOBBIES_2_123_CA_4_validation,CA_4,0,1.21,1.77
HOBBIES_2_123_TX_1_validation,TX_1,1,1.37,2.53
HOBBIES_2_123_TX_2_validation,TX_2,1,2.15,3.27
HOBBIES_2_123_TX_3_validation,TX_3,3,2.68,6.46
HOBBIES_2_123_WI_1_validation,WI_1,1,1.84,2.74
HOBBIES_2_123_WI_2_validation,WI_2,1,1.36,2.45
HOBBIES_2_123_WI_3_validation,WI_3,1,1.3,2.52
HOUSEHOLD_1_033_CA_1_validation,CA_1,6,4.8,12.92
HOUSEHOLD_1_033_CA_2_validation,CA_2,9,6.79,19.15
HOUSEHOLD_1_033_CA_3_validation,CA_3,9,7.28,20.1
HOUSEHOLD_1_033_CA_4_validation,CA_4,2,2.1,5.3
HOUSEHOLD_1_033_TX_1_validation,TX_1,3,3.23,7.79
HOUSEHOLD_1_033_TX_2_validation,TX_2,6,5.89,13.62
HOUSEHOLD_1_033_TX_3_validation,TX_3,5,4.58,10.98
HOUSEHOLD_1_033_WI_1_validation,WI_1,5,3.87,10.41
HOUSEHOLD_1_033_WI_2_validation,WI_2,4,4.39,10.65
HOUSEHOLD_1_033_WI_3_validation,WI_3,4,4.4,9.31
HOUSEHOLD_1_112_CA_1_validation,CA_1,8,6.6,18.26
HOUSEHOLD_1_112_CA_2_validation,CA_2,11,6.74,21.6
HOUSEHOLD_1_112_CA_3_validation,CA_3,14,9.64,28.94
HOUSEHOLD_1_112_CA_4_validation,CA_4,4,3.2,8.2
HOUSEHOLD_1_112_TX_1_validation,TX_1,8,6.35,18.12
HOUSEHOLD_1_112_TX_2_validation,TX_2,7,9.59,19.13
HOUSEHOLD_1_112_TX_3_validation,TX_3,7,4.48,14.46
HOUSEHOLD_1_112_WI_1_validation,WI_1,6,4.09,12.24
HOUSEHOLD_1_112_WI_2_validation,WI_2,6,3.82,11.91
HOUSEHOLD_1_112_WI_3_validation,WI_3,4,4.38,10.12
HOUSEHOLD_1_163_CA_1_validation,CA_1,1,2.22,4.05
HOUSEHOLD_1_163_CA_2_validation,CA_2,1,1.96,3.58
HOUSEHOLD_1_163_CA_3_validation,CA_3,1,1.98,3.44
HOUSEHOLD_1_163_CA_4_validation,CA_4,1,1.22,2.18
HOUSEHOLD_1_163_TX_1_validation,TX_1,0,1.98,2.59
HOUSEHOLD_1_163_TX_2_validation,TX_2,1,1.9,3.29
HOUSEHOLD_1_163_TX_3_validation,TX_3,1,1.75,3.17
HOUSEHOLD_1_163_WI_1_validation,WI_1,0,1.45,2.14
HOUSEHOLD_1_163_WI_2_validation,WI_2,1,1.84,3.25
HOUSEHOLD_1_163_WI_3_validation,WI_3,1,1.04,1.88
HOUSEHOLD_1_203_CA_1_validation,CA_1,5,4.51,11.2
HOUSEHOLD_1_203_CA_2_validation,CA_2,6,7.73,15.57
HOUSEHOLD_1_203_CA_3_validation,CA_3,11,6.14,21.41
HOUSEHOLD_1_203_CA_4_validation,CA_4,3,2.32,6.17
HOUSEHOLD_1_203_TX_1_validation,TX_1,4,4.3,9.62
HOUSEHOLD_1_203_TX_2_validation,TX_2,2,4.18,7.15
HOUSEHOLD_1_203_TX_3_validation,TX_3,8,4.87,15.74
HOUSEHOLD_1_203_WI_1_validation,WI_1,3,3.57,7.67
HOUSEHOLD_1_203_WI_2_validation,WI_2,5,3.15,9.79
HOUSEHOLD_1_203_WI_3_validation,WI_3,3,5.22,9.41
HOUSEHOLD_1_360_CA_1_validation,CA_1,2,2.54,5.96
HOUSEHOLD_1_360_CA_2_validation,CA_2,3,2.96,6.9
HOUSEHOLD_1_360_CA_3_validation,CA_3,2,2.9,6.23
HOUSEHOLD_1_360_CA_4_validation,CA_4,2,2.22,4.41
HOUSEHOLD_1_360_TX_1_validation,TX_1,2,1.99,4.47
HOUSEHOLD_1_360_TX_2_validation,TX_2,1,4.9,6.14
HOUSEHOLD_1_360_TX_3_validation,TX_3,1,1.73,3.48
HOUSEHOLD_1_360_WI_1_validation,WI_1,2,2.62,5.4
HOUSEHOLD_1_360_WI_2_validation,WI_2,1,2.13,4.04
HOUSEHOLD_1_360_WI_3_validation,WI_3,1,1.85,3.26
HOUSEHOLD_1_385_CA_1_validation,CA_1,9,6.9,19.52
HOUSEHOLD_1_385_CA_2_validation,CA_2,13,7.62,25.24
HOUSEHOLD_1_385_CA_3_validation,CA_3,18,26.47,51.97
HOUSEHOLD_1_385_CA_4_validation,CA_4,3,3.52,7.35
HOUSEHOLD_1_385_TX_1_validation,TX_1,15,8.59,29.37
HOUSEHOLD_1_385_TX_2_validation,TX_2,9,8.31,20.47
HOUSEHOLD_1_385_TX_3_validation,TX_3,16,9.23,31.15
HOUSEHOLD_1_385_WI_1_validation,WI_1,15,9.26,30.12
HOUSEHOLD_1_385_WI_2_validation,WI_2,17,9.69,33.04
HOUSEHOLD_1_385_WI_3_validation,WI_3,18,7.99,32.6
HOUSEHOLD_1_434_CA_1_validation,CA_1,12,7.52,23.96
HOUSEHOLD_1_434_CA_2_validation,CA_2,15,12.16,33.33
HOUSEHOLD_1_434_CA_3_validation,CA_3,28,12.5,51.01
HOUSEHOLD_1_434_CA_4_validation,CA_4,6,4.71,12.68
HOUSEHOLD_1_434_TX_1_validation,TX_1,6,5.64,13.43
HOUSEHOLD_1_434_TX_2_validation,TX_2,6,6.58,14.81
HOUSEHOLD_1_434_TX_3_validation,TX_3,7,5.2,15.09
HOUSEHOLD_1_434_WI_1_validation,WI_1,5,7.49,14.03
HOUSEHOLD_1_434_WI_2_validation,WI_2,4,4.88,10.83
HOUSEHOLD_1_434_WI_3_validation,WI_3,4,5.69,10.97
HOUSEHOLD_1_458_CA_1_validation,CA_1,7,4.44,14.54
HOUSEHOLD_1_458_CA_2_validation,CA_2,9,4.72,16.8
HOUSEHOLD_1_458_CA_3_validation,CA_3,11,8.61,24.32
HOUSEHOLD_1_458_CA_4_validation,CA_4,5,3.14,9.84
HOUSEHOLD_1_458_TX_1_validation,TX_1,6,4.94,13.11
HOUSEHOLD_1_458_TX_2_validation,TX_2,9,5.29,17.66
HOUSEHOLD_1_458_TX_3_validation,TX_3,10,5.38,19.99
HOUSEHOLD_1_458_WI_1_validation,WI_1,10,5.11,19.46
HOUSEHOLD_1_458_WI_2_validation,WI_2,8,4.64,15.7
HOUSEHOLD_1_458_WI_3_validation,WI_3,5,4.27,10.73
HOUSEHOLD_2_029_CA_1_validation,CA_1,1,2.09,3.18
HOUSEHOLD_2_029_CA_2_validation,CA_2,1,2.72,4.28
HOUSEHOLD_2_029_CA_3_validation,CA_3,1,2.46,3.87
HOUSEHOLD_2_029_CA_4_validation,CA_4,1,1.84,3.67
HOUSEHOLD_2_029_TX_1_validation,TX_1,1,1.92,3.64
HOUSEHOLD_2_029_TX_2_validation,TX_2,1,1.6,2.67
HOUSEHOLD_2_029_TX_3_validation,TX_3,1,1.68,2.44
HOUSEHOLD_2_029_WI_1_validation,WI_1,0,1.35,1.96
HOUSEHOLD_2_029_WI_2_validation,WI_2,2,1.97,4.6
HOUSEHOLD_2_029_WI_3_validation,WI_3,1,1.47,2.56
HOUSEHOLD_2_180_CA_1_validation,CA_1,2,2.61,5.72
HOUSEHOLD_2_180_CA_2_validation,CA_2,3,3.65,7.86
HOUSEHOLD_2_180_CA_3_validation,CA_3,1,4.75,6.12
HOUSEHOLD_2_180_CA_4_validation,CA_4,2,2.29,5.0
HOUSEHOLD_2_180_TX_1_validation,TX_1,3,3.36,8.13
HOUSEHOLD_2_180_TX_2_validation,TX_2,5,4.53,11.59
HOUSEHOLD_2_180_TX_3_validation,TX_3,6,4.51,12.97
HOUSEHOLD_2_180_WI_1_validation,WI_1,2,3.51,6.82
HOUSEHOLD_2_180_WI_2_validation,WI_2,5,4.52,11.43
HOUSEHOLD_2_180_WI_3_validation,WI_3,3,2.8,6.3
HOUSEHOLD_2_235_CA_1_validation,CA_1,1,2.02,3.04
HOUSEHOLD_2_235_CA_2_validation,CA_2,2,3.99,6.54
HOUSEHOLD_2_235_CA_3_validation,CA_3,2,3.12,5.59
HOUSEHOLD_2_235_CA_4_validation,CA_4,0,1.47,2.09
HOUSEHOLD_2_235_TX_1_validation,TX_1,1,1.64,2.53
HOUSEHOLD_2_235_TX_2_validation,TX_2,1,1.81,2.87
HOUSEHOLD_2_235_TX_3_validation,TX_3,1,1.29,2.04
HOUSEHOLD_2_235_WI_1_validation,WI_1,1,1.63,2.81
HOUSEHOLD_2_235_WI_2_validation,WI_2,1,2.46,3.4
HOUSEHOLD_2_235_WI_3_validation,WI_3,0,1.42,1.91
HOUSEHOLD_2_259_CA_1_validation,CA_1,2,2.35,5.12
HOUSEHOLD_2_259_CA_2_validation,CA_2,4,3.61,8.94
HOUSEHOLD_2_259_CA_3_validation,CA_3,2,3.16,6.58
HOUSEHOLD_2_259_CA_4_validation,CA_4,1,1.68,2.97
HOUSEHOLD_2_259_TX_1_validation,TX_1,1,1.76,3.65
HOUSEHOLD_2_259_TX_2_validation,TX_2,1,2.14,3.64
HOUSEHOLD_2_259_TX_3_validation,TX_3,1,1.69,2.67
HOUSEHOLD_2_259_WI_1_validation,WI_1,1,1.65,2.83
HOUSEHOLD_2_259_WI_2_validation,WI_2,1,1.44,2.46
HOUSEHOLD_2_259_WI_3_validation,WI_3,1,1.51,2.29
HOUSEHOLD_2_344_CA_1_validation,CA_1,3,4.28,8.25
HOUSEHOLD_2_344_CA_2_validation,CA_2,1,5.28,6.78
HOUSEHOLD_2_344_CA_3_validation,CA_3,11,6.84,21.74
HOUSEHOLD_2_344_CA_4_validation,CA_4,1,2.8,3.95
HOUSEHOLD_2_344_TX_1_validation,TX_1,5,4.13,11.57
HOUSEHOLD_2_344_TX_2_validation,TX_2,2,3.59,7.07
HOUSEHOLD_2_344_TX_3_validation,TX_3,2,4.09,6.37
HOUSEHOLD_2_344_WI_1_validation,WI_1,1,1.63,3.14
HOUSEHOLD_2_344_WI_2_validation,WI_2,1,2.06,3.77
HOUSEHOLD_2_344_WI_3_validation,WI_3,3,2.98,7.64
HOUSEHOLD_2_450_CA_1_validation,CA_1,5,3.26,9.58
HOUSEHOLD_2_450_CA_2_validation,CA_2,3,4.52,8.21
HOUSEHOLD_2_450_CA_3_validation,CA_3,4,3.82,8.74
HOUSEHOLD_2_450_CA_4_validation,CA_4,3,2.24,6.33
HOUSEHOLD_2_450_TX_1_validation,TX_1,1,2.15,3.54
HOUSEHOLD_2_450_TX_2_validation,TX_2,3,2.45,6.55
HOUSEHOLD_2_450_TX_3_validation,TX_3,1,1.51,2.88
HOUSEHOLD_2_450_WI_1_validation,WI_1,3,2.77,6.34
HOUSEHOLD_2_450_WI_2_validation,WI_2,3,2.43,6.28
HOUSEHOLD_2_450_WI_3_validation,WI_3,1,1.65,3.49
HOUSEHOLD_2_462_CA_1_validation,CA_1,1,1.94,2.97
HOUSEHOLD_2_462_CA_2_validation,CA_2,1,1.87,3.55
HOUSEHOLD_2_462_CA_3_validation,CA_3,1,2.0,2.81
HOUSEHOLD_2_462_CA_4_validation,CA_4,1,1.49,2.48
HOUSEHOLD_2_462_TX_1_validation,TX_1,0,0.93,1.21
HOUSEHOLD_2_462_TX_2_validation,TX_2,1,1.78,3.03
HOUSEHOLD_2_462_TX_3_validation,TX_3,0,1.3,1.87
HOUSEHOLD_2_462_WI_1_validation,WI_1,1,1.8,2.55
HOUSEHOLD_2_462_WI_2_validation,WI_2,1,1.4,2.15
HOUSEHOLD_2_462_WI_3_validation,WI_3,0,1.49,2.04
HOUSEHOLD_2_490_CA_1_validation,CA_1,6,5.43,14.18
HOUSEHOLD_2_490_CA_2_validation,CA_2,20,8.07,35.59
HOUSEHOLD_2_490_CA_3_validation,CA_3,7,6.57,16.17
HOUSEHOLD_2_490_CA_4_validation,CA_4,5,5.76,12.28
HOUSEHOLD_2_490_TX_1_validation,TX_1,6,3.97,11.73
HOUSEHOLD_2_490_TX_2_validation,TX_2,8,4.4,14.9
HOUSEHOLD_2_490_TX_3_validation,TX_3,6,5.31,14.41
HOUSEHOLD_2_490_WI_1_validation,WI_1,8,5.03,16.77
HOUSEHOLD_2_490_WI_2_validation,WI_2,5,3.69,10.56
HOUSEHOLD_2_490_WI_3_validation,WI_3,5,3.58,10.37
